3.23.0-LIVE 9171682,Outpost Index,Time Index,Waypoint Name,Short Name,Cartesian Coordinate (x y z) in km,,,"Rotation Quaternion (w,x,y,z)",,,,QTMarker,OM Radius,Body Radius,Arrival Radius,Time Lines,Rotation Speed,Rotation Adjust,Orbital Radius,Orbital Speed,Orbital Angle,Grid Radius,Adjustment Date,Chart Info,Stanton,Body Selection
Aberdeen R00,,,Aberdeen,Aberdeen,12905757.636,40955.551,0.000,1.00000000,0.00000000,0.00000000,0.00000000,TRUE,402.708,274.000,437.700,21,2.5999999,234.39502,68815.024,0.000,36.524,548.000,45193.15360,,,Aberdeen
ArcCorp R00,,,ArcCorp,ArcCorp,18587664.740,-22151916.920,0.000,1.00000000,0.00000000,0.00000000,0.00000000,TRUE,1151.452,800.000,990.000,14,3.1099999,88.25719,28917272.576,0.000,310.000,1900.000,45192.98338,,,ArcCorp
Arial R00,,,Arial,Arial,12892673.309,-31476.129,0.000,1.00000000,0.00000000,0.00000000,0.00000000,TRUE,501.542,344.500,511.725,12,5.5100002,311.37601,52658.856,0.000,323.292,689.000,45193.14793,,,Arial
Calliope R00,,,Calliope,Calliope,22398369.308,37168840.679,0.000,1.00000000,0.00000000,0.00000000,0.00000000,TRUE,352.214,240.000,402.350,22,4.5900002,114.10786,65823.064,0.000,194.774,480.666,45193.56858,,,Calliope
Cellin R00,,,Cellin,Cellin,-18987611.119,-2709009.661,0.000,1.00000000,0.00000000,0.00000000,0.00000000,TRUE,380.530,260.000,423.350,26,4.4499998,300.18031,50863.260,0.000,240.000,520.666,45193.64318,,,Cellin
Clio R00,,,Clio,Clio,22476728.221,37091020.074,0.000,1.00000000,0.00000000,0.00000000,0.00000000,TRUE,489.867,337.170,504.025,20,3.2500000,320.66965,95742.640,0.000,278.839,674.334,45193.57805,,,Clio
Crusader R00,,,Crusader,Crusader,-18962176.000,-2664960.000,0.000,1.00000000,0.00000000,0.00000000,0.00000000,TRUE,10673.170,7450.010,7972.500,12,5.0999999,169.93400,19148527.616,0.000,188.000,14900.000,45193.62558,,,Crusader
Daymar R00,,,Daymar,Daymar,-18930539.540,-2610158.765,0.000,1.00000000,0.00000000,0.00000000,0.00000000,TRUE,430.028,295.000,459.750,74,2.4800000,97.79532,63279.908,0.000,60.000,590.000,45193.63517,,,Daymar
Delamar R00,,,Delamar,Delamar,-10531703.478,18241438.664,0.000,-0.02566203,0.76970404,-0.45771712,-0.44428843,TRUE,118.890,75.000,228.750,10,0.0000000,0.00000,21063401.472,0.000,120.000,700.000,,,,Euterpe
Euterpe R00,,,Euterpe,Euterpe,22488109.736,37081123.565,0.000,1.00000000,0.00000000,0.00000000,0.00000000,TRUE,314.031,213.000,373.475,27,4.2800002,98.98616,107710.472,0.000,284.020,425.666,45193.57352,,,Hurston
Hurston R00,,,Hurston,Hurston,12850457.093,0.000,0.000,1.00000000,0.00000000,0.00000000,0.00000000,TRUE,1436.814,1000.000,1200.000,145,2.4800000,62.96232,12850457.600,0.000,0.000,2000.000,45193.12194,,,Ita
Ita R00,,,Ita,Ita,12830194.716,114913.609,0.000,1.00000000,0.00000000,0.00000000,0.00000000,TRUE,472.453,325.000,491.250,44,4.8499999,143.51618,116686.336,0.000,100.000,650.000,45193.13985,,,Lyria
Lyria R00,,,Lyria,Lyria,18703607.172,-22121650.134,0.000,1.00000000,0.00000000,0.00000000,0.00000000,TRUE,328.204,223.000,384.150,29,6.4299998,102.95503,119827.896,0.000,14.631,446.000,45193.00533,,,Magda
Magda R00,,,Magda,Magda,12792686.359,-74464.581,0.000,1.00000000,0.00000000,0.00000000,0.00000000,TRUE,494.840,340.830,507.875,55,1.9400001,116.65208,94246.656,0.000,232.195,681.666,45193.13301,,,microTech
microTech R00,,,microTech,microTech,22462085.252,37185744.965,0.000,1.00000000,0.00000000,0.00000000,0.00000000,TRUE,1439.593,1000.000,1800.000,101,4.1199999,157.89088,43443216.384,0.000,58.866,2300.000,45193.56234,,,Wala
Stanton R00,,,Stanton,Stanton,136049.870,1294427.400,2923345.368,1.00000000,0.00000000,0.00000001,0.00000002,TRUE,,696000.000,,,,,,,,,,,,Yela
Wala R00,,,Wala,Wala,18379649.310,-22000466.768,0.000,1.00000000,0.00000000,0.00000000,0.00000000,TRUE,413.056,283.000,447.308,42,6.3200002,294.59587,257308.320,0.000,143.943,566.300,45192.99636,,,HUR-L1
Yela R00,,,Yela,Yela,-19022916.799,-2613996.152,0.000,1.00000000,0.00000000,0.00000000,0.00000000,TRUE,455.483,313.000,478.650,31,1.8200001,268.61241,79286.880,0.000,140.000,1016.600,45193.63921,,,HUR-L2
Earth R00,,,Earth,Earth,,,,,,,,,9239.782,6378.100,,,,,,,,,,,,HUR-L3
ARC-L1 R00,,,ARC-L1,ARC-L1,16729134.637,-19937006.925,8.077,1.00000000,0.00000000,0.00000000,0.00000000,TRUE,0.000,0.000,,,0.0000000,0.00000,,,,,,,,HUR-L4
ARC-L2 R00,,,ARC-L2,ARC-L2,20446718.503,-24367450.991,8.077,1.00000000,0.00000000,0.00000000,0.00000000,TRUE,0.000,0.000,,,0.0000000,0.00000,,,,,,,,HUR-L5
ARC-L3 R00,,,ARC-L3,ARC-L3,-25043446.884,14458841.788,8.077,1.00000000,0.00000000,0.00000000,0.00000000,TRUE,0.000,0.000,,,0.0000000,0.00000,,,,,,,,CRU-L1
ARC-L4 R00,,,ARC-L4,ARC-L4,28478354.916,5021502.483,8.077,1.00000000,0.00000000,0.00000000,0.00000000,TRUE,0.000,0.000,,,0.0000000,0.00000,,,,,,,,CRU-L2
ARC-L5 R00,,,ARC-L5,ARC-L5,-9890422.516,-27173732.225,8.077,1.00000000,0.00000000,0.00000000,0.00000000,TRUE,0.000,0.000,,,0.0000000,0.00000,,,,,,,,CRU-L3
CRU-L1 R00,,,CRU-L1,CRU-L1,-17065957.376,-2398464.000,0.000,0.96363044,0.00000000,0.00000000,-0.26723838,TRUE,0.000,0.000,,,0.0000000,0.00000,,,,,,,,CRU-L4
CRU-L2 R00,,,CRU-L2,CRU-L2,-20858376.485,-2931474.402,0.000,0.96363044,0.00000000,0.00000000,-0.26723838,TRUE,0.000,0.000,,,0.0000000,0.00000,,,,,,,,CRU-L5
CRU-L3 R00,,,CRU-L3,CRU-L3,18962164.826,2664965.041,0.000,0.96363044,0.00000000,0.00000000,-0.26723838,TRUE,0.000,0.000,,,0.0000000,0.00000,,,,,,,,ARC-L1
CRU-L4 R00,,,CRU-L4,CRU-L4,-7173168.640,-17754204.160,0.000,0.96363044,0.00000000,0.00000000,-0.26723838,TRUE,0.000,0.000,,,0.0000000,0.00000,,,,,,,,ARC-L2
CRU-L5 R00,,,CRU-L5,CRU-L5,-11789008.988,15089246.107,0.000,0.96363044,0.00000000,0.00000000,-0.26723838,TRUE,0.000,0.000,,,0.0000000,0.00000,,,,,,,,ARC-L3
HUR-L1 R00,,,HUR-L1,HUR-L1,11565411.328,0.000,0.000,1.00000000,0.00000000,0.00000000,0.00000000,TRUE,0.000,0.000,,,0.0000000,0.00000,,,,,,,,ARC-L4
HUR-L2 R00,,,HUR-L2,HUR-L2,14135502.848,0.000,0.000,1.00000000,0.00000000,0.00000000,0.00000000,TRUE,0.000,0.000,,,0.0000000,0.00000,,,,,,,,ARC-L5
HUR-L3 R00,,,HUR-L3,HUR-L3,-12850457.600,-1.123,0.000,1.00000000,0.00000000,0.00000000,0.00000000,TRUE,0.000,0.000,,,0.0000000,0.00000,,,,,,,,MIC-L1
HUR-L4 R00,,,HUR-L4,HUR-L4,6425228.288,11128823.808,0.000,1.00000000,0.00000000,0.00000000,0.00000000,TRUE,0.000,0.000,,,0.0000000,0.00000,,,,,,,,MIC-L2
HUR-L5 R00,,,HUR-L5,HUR-L5,6425227.776,-11128823.808,0.000,1.00000000,0.00000000,0.00000000,0.00000000,TRUE,0.000,0.000,,,0.0000000,0.00000,,,,,,,,MIC-L3
MIC-L1 R00,,,MIC-L1,MIC-L1,20215824.238,33467065.008,0.000,1.00000000,0.00000000,0.00000000,0.00000000,TRUE,0.000,0.000,,,0.0000000,0.00000,,,,,,,,MIC-L4
MIC-L2 R00,,,MIC-L2,MIC-L2,24708827.153,40905202.459,0.000,1.00000000,0.00000000,0.00000000,0.00000000,TRUE,0.000,0.000,,,0.0000000,0.00000,,,,,,,,MIC-L5
MIC-L3 R00,,,MIC-L3,MIC-L3,-22457170.266,-37187612.396,0.000,1.00000000,0.00000000,0.00000000,0.00000000,TRUE,0.000,0.000,,,0.0000000,0.00000,,,,,,,,Magnus Jump Point
MIC-L4 R00,,,MIC-L4,MIC-L4,-20971933.230,38045504.032,0.000,1.00000000,0.00000000,0.00000000,0.00000000,TRUE,0.000,0.000,,,0.0000000,0.00000,,,,,,,,Pyro Jump Point
MIC-L5 R00,,,MIC-L5,MIC-L5,43435204.288,-851406.956,0.000,1.00000000,0.00000000,0.00000000,0.00000000,TRUE,0.000,0.000,,,0.0000000,0.00000,,,,,,,,Terra Jump Point
MagnusJP R00,,,Stanton-Magnus Jump Point,Magnus JP,-62284273.861,23467618.051,20198396.608,0.30793616,-0.14839508,-0.02725901,0.93936741,TRUE,,,,,,,,,,,,,,
PyroJP R00,,,Stanton-Pyro Jump Point,Pyro JP,3310491.640,-27979408.221,-2676285.679,-0.10573804,0.13918006,-0.22767709,0.95792043,TRUE,,,,,,,,,,,,,,
TerraJP R00,,,Stanton-Terra Jump Point,Terra JP,51118221.617,-5269981.303,-4339551.619,0.84275234,-0.15849306,-0.09150603,-0.50623620,TRUE,,,,,,,,,,,,,,
,,,,,,,,,,,,,Rise Corr,Set Corr,,,,,,,,,,,,
Aberdeen R01,Aberdeen 29,,OM-1,OM1,0.000,0.000,402.708,,,,,TRUE,0.000,0.000,,,,,,,,,,,,
Aberdeen R02,Aberdeen 30,,OM-2,OM2,0.000,0.000,-402.708,,,,,TRUE,0.000,0.000,,,,,,,,,,,,
Aberdeen R03,Aberdeen 31,Aberdeen 07,OM-3,OM3,0.000,402.708,0.000,,,,,TRUE,0.000,0.000,,,,,,,,,,,,
Aberdeen R04,Aberdeen 32,Aberdeen 19,OM-4,OM4,0.000,-402.708,0.000,,,,,TRUE,0.000,0.000,,,,,,,,,,,,
Aberdeen R05,Aberdeen 33,Aberdeen 15,OM-5,OM5,402.708,0.000,0.000,,,,,TRUE,0.000,0.000,,,,,,,,,,,,
Aberdeen R06,Aberdeen 34,Aberdeen 21,OM-6,OM6,-402.708,0.000,0.000,,,,,TRUE,0.000,0.000,,,,,,,,,,,,
Aberdeen,Aberdeen 00,,Trading Terminals,,,,,,,,,,,,,,,,,,,,,,,
Aberdeen 01,Aberdeen 01,Aberdeen 06,HDMS Anderson (PB),Anderson,-26.950,180.221,206.879,,,,,TRUE,0.000,0.000,,,,,,,,,,,,
Aberdeen 02,Aberdeen 02,Aberdeen 04,HDMS Norgaard (PB),Norgaard,-141.572,195.318,132.098,,,,,TRUE,4.000,0.000,,,,,,,,,,,,
Aberdeen,Aberdeen 04,,Correctional Facility,,,,,,,,,,,,,,,,,,,,,,,
Aberdeen 03,Aberdeen 05,Aberdeen 08,Klescher Rehabilitation Facility,Klescher,44.976,221.564,-156.584,,,,,TRUE,0.000,0.000,,,,,,,,,,,,
Aberdeen,Aberdeen 07,,Emergency Shelters,,,,,,,,,,,,,,,,,,,,,,,
Aberdeen 04,Aberdeen 08,Aberdeen 10,Barton Flats Aid Shelter (PB),Barton,54.341,217.120,-159.881,,,,,TRUE,0.000,0.000,,,,,,,,,,,,
Aberdeen,Aberdeen 10,,Caves,,,,,,,,,,,,,,,,,,,,,,,
Aberdeen 05,Aberdeen 11,Aberdeen 14,HDES Dobbs (NA),Dobbs,270.579,47.399,-11.404,,,,,TRUE,0.000,0.000,,,,,,,,,,,,
Aberdeen 07,Aberdeen 12,Aberdeen 18,Rock Cave 20V,RCave 20V,56.811,-124.615,238.532,,,,,FALSE,0.000,0.000,,,,,,,,,,,,
Aberdeen 10,Aberdeen 15,Aberdeen 13,Rock Cave 33X,RCave 33X,77.253,19.426,263.113,,,,,FALSE,0.000,0.000,,,,,,,,,,,,
Aberdeen 11,Aberdeen 16,Aberdeen 02,Rock Cave 52L,RCave 52L,-177.482,203.524,-53.401,,,,,FALSE,0.000,0.000,,,,,,,,,,,,
Aberdeen 09,Aberdeen 14,Aberdeen 16,Rock Cave 26K,RCave 26K,230.506,-109.038,-103.946,,,,,FALSE,0.000,0.000,,,,,,,,,,,,
Aberdeen 08,Aberdeen 13,Aberdeen 17,Rock Cave 24H,RCave 24H,175.926,-151.288,-146.452,,,,,FALSE,0.000,0.000,,,,,,,,,,,,
Aberdeen,Aberdeen 18,,Wrecks,,,,,,,,,,,,,,,,,,,,,,,
Aberdeen 13,Aberdeen 20,Aberdeen 03,Caterpillar Wreck 52R,Caterpillar 52R,-160.520,187.065,122.157,,,,,FALSE,0.000,0.000,,,,,,,,,,,,
Aberdeen 12,Aberdeen 19,Aberdeen 05,Caterpillar Wreck 51W,Caterpillar 51W,-61.992,94.045,251.031,,,,,FALSE,0.000,0.000,,,,,,,,,,,,
Aberdeen 14,Aberdeen 21,Aberdeen 01,Constellation Wreck,Constellation,-207.122,163.655,75.824,,,,,FALSE,0.000,0.000,,,,,,,,,,,,
Aberdeen 16,Aberdeen 23,Aberdeen 11,Freelancer Wreck,Freelancer,239.132,116.815,68.701,,,,,FALSE,0.000,0.000,,,,,,,,,,,,
Aberdeen 17,Aberdeen 24,Aberdeen 12,Starfarer Wreck,Starfarer,153.456,48.444,223.125,,,,,FALSE,0.000,0.000,,,,,,,,,,,,
Aberdeen 15,Aberdeen 22,Aberdeen 09,Cutlass Wreck,Cutlass,48.391,219.891,-157.839,,,,,FALSE,0.000,0.000,,,,,,,,,,,,
Aberdeen,Aberdeen 26,,Comm Array,,,,,,,,,,,,,,,,,,,,,,,
Aberdeen 06,Aberdeen 27,Aberdeen 20,Comm Array ST1-92,ST1-92,-435.359,-45.214,24.000,,,,,TRUE,0.000,0.000,,,,,,,,,,,,
,,,,,,,,,,,,,,,,,,,,,,,,,,
ArcCorp R01,ArcCorp 18,,OM-1,OM1,0.000,0.000,1151.452,,,,,TRUE,0.000,0.000,,,,,,,,,,,,
ArcCorp R02,ArcCorp 19,,OM-2,OM2,0.000,0.000,-1151.452,,,,,TRUE,0.000,0.000,,,,,,,,,,,,
ArcCorp R03,ArcCorp 20,ArcCorp 01,OM-3,OM3,0.000,1151.452,0.000,,,,,TRUE,0.000,0.000,,,,,,,,,,,,
ArcCorp R04,ArcCorp 21,ArcCorp 06,OM-4,OM4,0.000,-1151.452,0.000,,,,,TRUE,0.000,0.000,,,,,,,,,,,,
ArcCorp R05,ArcCorp 22,ArcCorp 04,OM-5,OM5,1151.452,0.000,0.000,,,,,TRUE,0.000,0.000,,,,,,,,,,,,
ArcCorp R06,ArcCorp 23,ArcCorp 14,OM-6,OM6,-1151.452,0.000,0.000,,,,,TRUE,0.000,0.000,,,,,,,,,,,,
ArcCorp,ArcCorp 00,,Landing Zone,,,,,,,,,,,,,,,,,,,,,,,
ArcCorp 01,ArcCorp 01,ArcCorp 11,Area 18,Area 18,-747.409,-116.734,-262.094,,,,,TRUE,0.000,0.000,,,,,,,,,,,,
ArcCorp 10,ArcCorp 02,ArcCorp 13,Riker Memorial Spaceport,Riker,-748.361,-103.663,-263.811,,,,,FALSE,0.000,0.000,,,,,,,,,,,,
ArcCorp 02,ArcCorp 03,ArcCorp 09,Baijini Point,Baijini,-771.961,-321.347,-359.509,,,,,TRUE,0.000,0.000,,,,,,,,,,,,
ArcCorp,ArcCorp 05,,Other Areas,,,,,,,,,,,,,,,,,,,,,,,
ArcCorp 04,ArcCorp 06,ArcCorp 08,Area 04,Area 04,-314.306,-601.435,423.659,,,,,TRUE,0.000,0.000,,,,,,,,,,,,
ArcCorp 05,ArcCorp 07,ArcCorp 12,Area 06,Area 06,-745.806,-111.306,267.380,,,,,TRUE,0.000,0.000,,,,,,,,,,,,
ArcCorp 06,ArcCorp 08,ArcCorp 03,Area 11,Area 11,508.204,397.589,472.922,,,,,TRUE,0.000,0.000,,,,,,,,,,,,
ArcCorp 07,ArcCorp 09,ArcCorp 07,Area 17,Area 17,-310.290,-601.811,-425.980,,,,,TRUE,0.000,0.000,,,,,,,,,,,,
ArcCorp 08,ArcCorp 10,ArcCorp 02,Area 20,Area 20,506.937,401.104,-471.308,,,,,TRUE,0.000,0.000,,,,,,,,,,,,
ArcCorp,ArcCorp 12,,Racetracks,,,,,,,,,,,,,,,,,,,,,,,
ArcCorp 03,ArcCorp 13,ArcCorp 10,The Sky Scraper,SkyScraper,-746.272,-155.436,-245.264,,,,,TRUE,0.000,0.000,,,,,,,,,,,,
ArcCorp,ArcCorp 15,,Comm Array,,,,,,,,,,,,,,,,,,,,,,,
ArcCorp 09,ArcCorp 16,ArcCorp 05,Comm Array ST3-90,ST3-90,758.384,-636.360,24.000,,,,,TRUE,0.000,0.000,,,,,,,,,,,,
,,,,,,,,,,,,,,,,,,,,,,,,,,
Arial R01,Arial 14,,OM-1,OM1,0.000,0.000,501.542,,,,,TRUE,0.000,0.000,,,,,,,,,,,,
Arial R02,Arial 15,,OM-2,OM2,0.000,0.000,-501.542,,,,,TRUE,0.000,0.000,,,,,,,,,,,,
Arial R03,Arial 16,Arial 03,OM-3,OM3,0.000,501.542,0.000,,,,,TRUE,0.000,0.000,,,,,,,,,,,,
Arial R04,Arial 17,Arial 10,OM-4,OM4,0.000,-501.542,0.000,,,,,TRUE,0.000,0.000,,,,,,,,,,,,
Arial R05,Arial 18,Arial 05,OM-5,OM5,501.542,0.000,0.000,,,,,TRUE,0.000,0.000,,,,,,,,,,,,
Arial R06,Arial 19,Arial 12,OM-6,OM6,-501.542,0.000,0.000,,,,,TRUE,0.000,0.000,,,,,,,,,,,,
Arial,Arial 00,,Trading Terminals,,,,,,,,,,,,,,,,,,,,,,,
Arial 01,Arial 01,Arial 08,HDMS Bezdek (PB),Bezdek,26.735,-234.698,251.505,,,,,TRUE,0.000,0.000,,,,,,,,,,,,
Arial 02,Arial 02,Arial 04,HDMS Lathan (PB),Lathan,339.193,33.686,55.843,,,,,TRUE,0.000,0.000,,,,,,,,,,,,
Arial,Arial 04,,Wrecks,,,,,,,,,,,,,,,,,,,,,,,
Arial 05,Arial 06,Arial 09,Caterpillar Wreck 16T,Caterpillar 16T,21.290,-234.274,252.404,,,,,FALSE,0.000,0.000,,,,,,,,,,,,
Arial 04,Arial 05,Arial 11,Caterpillar Wreck 05V,Caterpillar 05V,-140.054,-74.604,306.556,,,,,FALSE,0.000,0.000,,,,,,,,,,,,
Arial 06,Arial 07,Arial 06,Cutlass Wreck,Cutlass,216.540,-124.124,238.389,,,,,FALSE,0.000,0.000,,,,,,,,,,,,
Arial 07,Arial 08,Arial 01,Freelancer Wreck,Freelancer,-210.193,258.978,-89.443,,,,,FALSE,0.000,0.000,,,,,,,,,,,,
Arial 08,Arial 09,Arial 07,Starfarer Wreck,Starfarer,223.891,-230.405,126.733,,,,,FALSE,0.000,0.000,,,,,,,,,,,,
Arial,Arial 11,,Comm Array,,,,,,,,,,,,,,,,,,,,,,,
Arial 03,Arial 12,Arial 02,Comm Array ST1-13,ST1-13,-78.760,505.628,24.000,,,,,TRUE,0.000,0.000,,,,,,,,,,,,
,,,,,,,,,,,,,,,,,,,,,,,,,,
Calliope R01,Calliope 29,,OM-1,OM1,0.000,0.000,352.214,,,,,TRUE,0.000,0.000,,,,,,,,,,,,
Calliope R02,Calliope 30,,OM-2,OM2,0.000,0.000,-352.214,,,,,TRUE,0.000,0.000,,,,,,,,,,,,
Calliope R03,Calliope 31,Calliope 02,OM-3,OM3,0.000,352.214,0.000,,,,,TRUE,0.000,0.000,,,,,,,,,,,,
Calliope R04,Calliope 32,Calliope 19,OM-4,OM4,0.000,-352.214,0.000,,,,,TRUE,0.000,0.000,,,,,,,,,,,,
Calliope R05,Calliope 33,Calliope 08,OM-5,OM5,352.214,0.000,0.000,,,,,TRUE,0.000,0.000,,,,,,,,,,,,
Calliope R06,Calliope 34,Calliope 22,OM-6,OM6,-352.214,0.000,0.000,,,,,TRUE,0.000,0.000,,,,,,,,,,,,
Calliope,Calliope 00,,Trading Terminals,,,,,,,,,,,,,,,,,,,,,,,
Calliope 01,Calliope 01,Calliope 20,Rayari Anvik Research Outpost,Anvik,-184.632,-127.794,84.724,,,,,TRUE,0.000,0.000,,,,,,,,,,,,
Calliope 02,Calliope 02,Calliope 07,Rayari Kaltag Research Outpost,Kaltag,205.267,6.261,-124.485,,,,,TRUE,0.000,0.000,,,,,,,,,,,,
Calliope 03,Calliope 03,Calliope 03,Shubin Mining Facility SMCa-6 (PB),SMCa6,50.066,233.437,24.936,,,,,TRUE,0.000,0.000,,,,,,,,,,,,
Calliope 04,Calliope 04,Calliope 06,Shubin Mining Facility SMCa-8 (PB),SMCa8,160.166,168.987,-58.400,,,,,TRUE,0.000,0.000,,,,,,,,,,,,
Calliope,Calliope 06,,Underground Bunker Facilities,,,,,,,,,,,,,,,,,,,,,,,
Calliope,Calliope,Calliope,Shubin Processing Facility SPMC-1,SPMC1,231.078,-34.373,-55.893,,,,,FALSE,0.000,0.000,,,,,,,,,,,,
Calliope 05,Calliope 07,Calliope 11,Shubin Processing Facility SPMC-3,SPMC3,239.598,-11.470,8.830,,,,,TRUE,0.000,0.000,,,,,,,,,,,,
Calliope 06,Calliope 08,Calliope 01,Shubin Processing Facility SPMC-5,SPMC5,-230.046,66.604,19.441,,,,,TRUE,0.000,0.000,,,,,,,,,,,,
Calliope 07,Calliope 09,Calliope 21,Shubin Processing Facility SPMC-10,SPMC10,-222.947,-74.155,-48.946,,,,,TRUE,0.000,0.000,,,,,,,,,,,,
Calliope 08,Calliope 10,Calliope 18,Shubin Processing Facility SPMC-11,SPMC11,72.652,-187.770,131.025,,,,,TRUE,0.000,0.000,,,,,,,,,,,,
Calliope 09,Calliope 11,Calliope 12,Shubin Processing Facility SPMC-14,SPMC14,228.647,-21.168,71.032,,,,,TRUE,0.000,0.000,,,,,,,,,,,,
Calliope,Calliope 13,,Caves,,,,,,,,,,,,,,,,,,,,,,,
Calliope 12,Calliope 15,Calliope 16,Rock Cave 26P,RCave 26P,207.343,-107.085,55.951,,,,,FALSE,0.000,0.000,,,,,,,,,,,,
Calliope 11,Calliope 14,Calliope 15,Rock Cave 25R,RCave 25R,213.196,-40.556,102.893,,,,,FALSE,0.000,0.000,,,,,,,,,,,,
Calliope 13,Calliope 16,Calliope 09,Rock Cave 30T,RCave 30T,181.300,-3.049,157.240,,,,,FALSE,0.000,0.000,,,,,,,,,,,,
Calliope,Calliope 18,,Wrecks,,,,,,,,,,,,,,,,,,,,,,,
Calliope 14,Calliope 19,Calliope 17,Caterpillar Wreck 25P,Caterpillar 25P,199.393,-126.188,45.985,,,,,FALSE,0.000,0.000,,,,,,,,,,,,
Calliope 15,Calliope 20,Calliope 14,Caterpillar Wreck 29P,Caterpillar 29P,232.099,-41.336,45.893,,,,,FALSE,0.000,0.000,,,,,,,,,,,,
Calliope 16,Calliope 21,Calliope 10,Caterpillar Wreck 30R,Caterpillar 30R,218.632,-7.016,99.078,,,,,FALSE,0.000,0.000,,,,,,,,,,,,
Calliope 17,Calliope 22,Calliope 16,Cutlass Wreck,Cutlass,234.805,-46.699,16.919,,,,,FALSE,0.000,0.000,,,,,,,,,,,,
Calliope 18,Calliope 23,Calliope 13,Starfarer Wreck 29Q,Starfarer 29Q,225.967,-35.194,73.738,,,,,FALSE,0.000,0.000,,,,,,,,,,,,
Calliope 19,Calliope 24,Calliope 05,Starfarer Wreck 39M,Starfarer 39M,152.525,184.796,-14.616,,,,,FALSE,0.000,0.000,,,,,,,,,,,,
Calliope,Calliope 26,,Comm Array,,,,,,,,,,,,,,,,,,,,,,,
Calliope 10,Calliope 27,Calliope 04,Comm Array ST4-31,ST4-31,258.506,474.193,24.000,,,,,TRUE,0.000,0.000,,,,,,,,,,,,
,,,,,,,,,,,,,,,,,,,,,,,,,,
Cellin R01,Cellin 34,,OM-1,OM1,0.000,0.000,380.530,,,,,TRUE,0.000,0.000,,,,,,,,,,,,
Cellin R02,Cellin 35,,OM-2,OM2,0.000,0.000,-380.530,,,,,TRUE,0.000,0.000,,,,,,,,,,,,
Cellin R03,Cellin 36,Cellin 07,OM-3,OM3,0.000,380.530,0.000,,,,,TRUE,0.000,0.000,,,,,,,,,,,,
Cellin R04,Cellin 37,Cellin 23,OM-4,OM4,0.000,-380.530,0.000,,,,,TRUE,0.000,0.000,,,,,,,,,,,,
Cellin R05,Cellin 38,Cellin 17,OM-5,OM5,380.530,0.000,0.000,,,,,TRUE,0.000,0.000,,,,,,,,,,,,
Cellin R06,Cellin 39,Cellin 26,OM-6,OM6,-380.530,0.000,0.000,,,,,TRUE,0.000,0.000,,,,,,,,,,,,
Cellin,Cellin 00,,Trading Terminals,,,,,,,,,,,,,,,,,,,,,,,
Cellin 01,Cellin 01,Cellin 06,Gallete Family Farms,Gallete,-89.471,106.717,220.041,,,,,TRUE,0.000,0.000,,,,,,,,,,,,
Cellin 02,Cellin 02,Cellin 09,Hickes Research Outpost (PB),Hickes,3.270,13.091,-260.316,,,,,TRUE,0.000,0.000,,,,,,,,,,,,
Cellin 03,Cellin 03,Cellin 15,Terra Mills HydroFarm (PB),TerraMills,100.137,27.701,239.024,,,,,TRUE,0.000,0.000,,,,,,,,,,,,
Cellin 04,Cellin 04,Cellin 01,Tram & Myers Mining,TramMyers,-241.164,2.396,-98.700,,,,,TRUE,0.000,0.000,,,,,,,,,,,,
Cellin 05,Cellin 05,Cellin 19,Cellin Stash House (Private Property),Stash,97.749,-173.764,167.078,,,,,TRUE,0.000,0.000,,,,,,,,,,,,
Cellin,Cellin 07,,Underground Bunker Facilities,,,,,,,,,,,,,,,,,,,,,,,
Cellin 06,Cellin 08,Cellin 13,NT-999-XV,NT999XV,146.849,135.264,167.452,,,,,TRUE,0.000,0.000,,,,,,,,,,,,
Cellin 07,Cellin 09,Cellin 16,Security Post Criska,Criska,252.518,62.917,13.988,,,,,TRUE,0.000,0.000,,,,,,,,,,,,
Cellin 08,Cellin 10,Cellin 14,Security Post Dipur,Dipur,197.594,57.562,-160.055,,,,,TRUE,0.000,0.000,,,,,,,,,,,,
Cellin 09,Cellin 11,Cellin 24,Security Post Lespin,Lespin,-214.293,-149.184,4.123,,,,,TRUE,0.000,0.000,,,,,,,,,,,,
Cellin,Cellin 13,,Other Facilities,,,,,,,,,,,,,,,,,,,,,,,
Cellin 10,Cellin 14,Cellin 21,Security Post Kareah,Kareah,11.620,-419.839,200.000,,,,,TRUE,0.000,0.000,,,,,,,,,,,,
Cellin 16,Cellin 15,Cellin 11,Abandoned Outpost,Abandoned,130.062,184.915,130.356,,,,,FALSE,0.000,0.000,,,,,,,,,,,,
Cellin,Cellin 17,,Emergency Shelters,,,,,,,,,,,,,,,,,,,,,,,
Cellin 11,Cellin 18,Cellin 22,Ashburn Channel Aid Shelter,Ashburn,3.024,-257.942,-37.129,,,,,TRUE,0.000,0.000,,,,,,,,,,,,
Cellin 12,Cellin 19,Cellin 05,Flanagan's Ravine Aid Shelter,Flanagan,-194.282,151.722,84.997,,,,,TRUE,0.000,0.000,,,,,,,,,,,,
Cellin 13,Cellin 20,Cellin 25,Julep Ravine Aid Shelter,Julep,-111.528,-56.297,-228.950,,,,,TRUE,0.000,0.000,,,,,,,,,,,,
Cellin 14,Cellin 21,Cellin 02,Mogote Aid Shelter,Mogate,-198.664,50.790,160.875,,,,,TRUE,0.000,0.000,,,,,,,,,,,,
Cellin,Cellin 23,,Wrecks,,,,,,,,,,,,,,,,,,,,,,,
Cellin 18,Cellin 25,Cellin 18,Caterpillar Wreck 21T,Caterpillar 21T,112.178,-163.730,169.625,,,,,,,,,,,,,,,,,,,
Cellin 17,Cellin 24,Cellin 20,Caterpillar Wreck 18U,Caterpillar 18U,36.776,-152.501,208.899,,,,,FALSE,0.000,0.000,,,,,,,,,,,,
Cellin 19,Cellin 26,Cellin 03,Constellation Wreck,Constellation,-243.602,85.479,38.769,,,,,FALSE,0.000,0.000,,,,,,,,,,,,
Cellin 20,Cellin 27,Cellin 04,Cutlass Wreck,Cutlass,-231.142,109.975,50.933,,,,,FALSE,0.000,0.000,,,,,,,,,,,,
Cellin 21,Cellin 28,Cellin 12,Freelancer Wreck,Freelancer,125.553,138.117,-182.239,,,,,FALSE,0.000,0.000,,,,,,,,,,,,
Cellin 22,Cellin 29,Cellin 08,Starfarer Wreck,Starfarer,38.688,166.478,196.317,,,,,FALSE,0.000,0.000,,,,,,,,,,,,
Cellin,Cellin 31,,Comm Array,,,,,,,,,,,,,,,,,,,,,,,
Cellin 15,Cellin 32,Cellin 10,Comm Array ST2-28,ST2-28,242.244,347.193,24.000,,,,,TRUE,0.000,0.000,,,,,,,,,,,,
,,,,,,,,,,,,,,,,,,,,,,,,,,
Clio R01,Clio 28,,OM-1,OM1,0.000,0.000,489.867,,,,,TRUE,0.000,0.000,,,,,,,,,,,,
Clio R02,Clio 29,,OM-2,OM2,0.000,0.000,-489.867,,,,,TRUE,0.000,0.000,,,,,,,,,,,,
Clio R03,Clio 30,Clio 09,OM-3,OM3,0.000,489.867,0.000,,,,,TRUE,0.000,0.000,,,,,,,,,,,,
Clio R04,Clio 31,Clio 17,OM-4,OM4,0.000,-489.867,0.000,,,,,TRUE,0.000,0.000,,,,,,,,,,,,
Clio R05,Clio 32,Clio 16,OM-5,OM5,489.867,0.000,0.000,,,,,TRUE,0.000,0.000,,,,,,,,,,,,
Clio R06,Clio 33,Clio 20,OM-6,OM6,-489.867,0.000,0.000,,,,,TRUE,0.000,0.000,,,,,,,,,,,,
Clio,Clio 00,,Trading Terminals,,,,,,,,,,,,,,,,,,,,,,,
Clio 01,Clio 01,Clio 03,Rayari Cantwell Research Outpost (PB),Cantwell,-217.175,215.278,142.842,,,,,TRUE,0.000,0.000,,,,,,,,,,,,
Clio 02,Clio 02,Clio 18,Rayari McGrath Research Outpost (PB),McGrath,-325.904,-85.713,-18.786,,,,,TRUE,0.000,0.000,,,,,,,,,,,,
Clio,Clio 04,,Racetracks,,,,,,,,,,,,,,,,,,,,,,,
Clio 04,Clio 05,Clio 19,Snake Pit,Snake Pit,-327.835,-78.887,-13.657,,,,,FALSE,0.000,0.000,,,,,,,,,,,,
Clio,Clio 07,,Settlements,,,,,,,,,,,,,,,,,,,,,,,
Clio 05,Clio 08,Clio 04,Clio Settlement,Settlement 4b,-213.194,224.238,134.910,,,,,FALSE,0.000,0.000,,,,,,,,,,,,
Clio,Clio 10,,Caves,,,,,,,,,,,,,,,,,,,,,,,
Clio 08,Clio 13,Clio 08,Rock Cave 46W-546,RCave 46W546,-6.584,137.809,308.281,,,,,FALSE,0.000,0.000,,,,,,,,,,,,
Clio 09,Clio 14,Clio 07,Rock Cave 46W-550,RCave 46W550,-11.324,131.045,311.056,,,,,FALSE,0.000,0.000,,,,,,,,,,,,
Clio 06,Clio 11,Clio 12,Rock Cave 43W,RCave 43W,26.403,105.022,319.751,,,,,FALSE,0.000,0.000,,,,,,,,,,,,
Clio 07,Clio 12,Clio 11,Rock Cave 44X,RCave 44X,12.477,77.049,328.531,,,,,FALSE,0.000,0.000,,,,,,,,,,,,
Clio,Clio 16,,Wrecks,,,,,,,,,,,,,,,,,,,,,,,
Clio 11,Clio 18,Clio 02,Caterpillar Wreck 53Q,Caterpillar 53Q,-235.054,222.127,97.407,,,,,FALSE,0.000,0.000,,,,,,,,,,,,
Clio 10,Clio 17,Clio 15,Caterpillar Wreck 36Q,Caterpillar 36Q,253.201,178.404,134.714,,,,,FALSE,0.000,0.000,,,,,,,,,,,,
Clio 12,Clio 19,Clio 01,Caterpillar Wreck 55V,Caterpillar 55V,-142.973,98.286,289.667,,,,,FALSE,0.000,0.000,,,,,,,,,,,,
Clio 13,Clio 20,Clio 14,Constellation Wreck,Constellation,237.915,197.092,136.426,,,,,FALSE,0.000,0.000,,,,,,,,,,,,
Clio 16,Clio 23,Clio 05,Starfarer Wreck 50S,Starfarer 50S,-125.554,242.328,198.088,,,,,FALSE,0.000,0.000,,,,,,,,,,,,
Clio 14,Clio 21,Clio 13,Starfarer Wreck 42T,Starfarer 42T,76.745,235.733,229.346,,,,,FALSE,0.000,0.000,,,,,,,,,,,,
Clio 15,Clio 22,Clio 10,Starfarer Wreck 45V,Starfarer 45V,6.513,175.082,288.415,,,,,FALSE,0.000,0.000,,,,,,,,,,,,
Clio,Clio 25,,Comm Array,,,,,,,,,,,,,,,,,,,,,,,
Clio 03,Clio 26,Clio 06,Comm Array ST4-59,ST4-59,-249.263,510.162,24.000,,,,,TRUE,0.000,0.000,,,,,,,,,,,,
,,,,,,,,,,,,,,,,,,,,,,,,,,
Crusader R01,Crusader 16,,OM-1,OM1,0.000,0.000,10673.170,,,,,TRUE,0.000,0.000,,,,,,,,,,,,
Crusader R02,Crusader 17,,OM-2,OM2,0.000,0.000,-10673.170,,,,,TRUE,0.000,0.000,,,,,,,,,,,,
Crusader R03,Crusader 18,Crusader 02,OM-3,OM3,0.000,10673.170,0.000,,,,,TRUE,0.000,0.000,,,,,,,,,,,,
Crusader R04,Crusader 19,Crusader 10,OM-4,OM4,0.000,-10673.170,0.000,,,,,TRUE,0.000,0.000,,,,,,,,,,,,
Crusader R05,Crusader 20,Crusader 04,OM-5,OM5,10673.170,0.000,0.000,,,,,TRUE,0.000,0.000,,,,,,,,,,,,
Crusader R06,Crusader 21,Crusader 12,OM-6,OM6,-10673.170,0.000,0.000,,,,,TRUE,0.000,0.000,,,,,,,,,,,,
Crusader,Crusader 00,,Landing Zone,,,,,,,,,,,,,,,,,,,,,,,
Crusader 01,Crusader 01,Crusader 05,Orison,Orison,5295.517,-863.194,5282.237,,,,,TRUE,0.000,0.000,,,,,,,,,,,,
Crusader 07,Crusader 02,Crusader 06,August Dunlow Spaceport,Dunlow,5295.536,-871.476,5281.923,,,,,FALSE,0.000,0.000,,,,,,,,,,,,
Crusader 02,Crusader 03,Crusader 08,Seraphim Station,Seraphim,5876.098,-1384.207,5565.883,,,,,TRUE,0.000,0.000,,,,,,,,,,,,
Crusader,Crusader 05,,Platforms,,,,,,,,,,,,,,,,,,,,,,,
Crusader 05,Crusader 08,Crusader 09,Prospect Point,Prospect,3254.279,-1225.248,6683.686,,,,,TRUE,0.000,0.000,,,,,,,,,,,,
Crusader 03,Crusader 06,Crusader 11,Cloudrest Retreat,Cloudrest,-7396.172,-1420.246,29.007,,,,,TRUE,0.000,0.000,,,,,,,,,,,,
Crusader 04,Crusader 07,Crusader 03,Empyrean Park,Empyrean,1090.108,7304.364,1509.818,,,,,TRUE,0.000,0.000,,,,,,,,,,,,
Crusader,Crusader 10,,Racetracks,,,,,,,,,,,,,,,,,,,,,,,
Crusader 08,Crusader 11,Crusader 07,Caplan Circuit,Caplan,5297.832,-878.029,5275.458,,,,,FALSE,0.000,0.000,,,,,,,,,,,,
Crusader,Crusader 13,,Comm Array,,,,,,,,,,,,,,,,,,,,,,,
Crusader 06,Crusader 14,Crusader 01,Comm Array ST2-55,ST2-55,-1387.917,8802.204,24.000,,,,,TRUE,0.000,0.000,,,,,,,,,,,,
,,,,,,,,,,,,,,,,,,,,,,,,,,
Daymar R01,Daymar 88,,OM-1,OM1,0.000,0.000,430.028,,,,,TRUE,0.000,0.000,,,,,,,,,,,,
Daymar R02,Daymar 89,,OM-2,OM2,0.000,0.000,-430.028,,,,,TRUE,0.000,0.000,,,,,,,,,,,,
Daymar R03,Daymar 90,Daymar 21,OM-3,OM3,0.000,430.028,0.000,,,,,TRUE,0.000,0.000,,,,,,,,,,,,
Daymar R04,Daymar 91,Daymar 57,OM-4,OM4,0.000,-430.028,0.000,,,,,TRUE,0.000,0.000,,,,,,,,,,,,
Daymar R05,Daymar 92,Daymar 38,OM-5,OM5,430.028,0.000,0.000,,,,,TRUE,0.000,0.000,,,,,,,,,,,,
Daymar R06,Daymar 93,Daymar 74,OM-6,OM6,-430.028,0.000,0.000,,,,,TRUE,0.000,0.000,,,,,,,,,,,,
Daymar,Daymar 00,,Trading Terminals,,,,,,,,,,,,,,,,,,,,,,,
Daymar 01,Daymar 01,Daymar 17,ArcCorp Mining Area 141 (PB),ArcCorp 141,-18.167,180.362,-232.760,,,,,TRUE,0.000,0.000,,,,,,,,,,,,
Daymar 02,Daymar 02,Daymar 50,Bountiful Harvest Hydroponics,Bountiful,57.552,-92.267,-274.246,,,,,TRUE,0.000,0.000,,,,,,,,,,,,
Daymar 03,Daymar 03,Daymar 48,Kudre Ore,Kudre,146.617,-177.093,-184.862,,,,,TRUE,0.000,0.000,,,,,,,,,,,,
Daymar 04,Daymar 04,Daymar 45,Shubin Mining Facility SCD-1 (PB),SCD1,126.025,-149.581,221.253,,,,,TRUE,0.000,0.000,,,,,,,,,,,,
Daymar 05,Daymar 05,Daymar 65,Brio's Breaker Yard,Brio,-176.974,-160.953,173.849,,,,,TRUE,0.000,0.000,,,,,,,,,,,,
Daymar 06,Daymar 06,Daymar 26,Jumptown,Jumptown,80.439,242.716,-147.634,,,,,TRUE,0.000,0.000,,,,,,,,,,,,
Daymar 07,Daymar 07,Daymar 18,Daymar Stash House (Nuen Waste Management),Stash,-18.943,293.341,25.478,,,,,TRUE,0.000,0.000,,,,,,,,,,,,
Daymar,Daymar 09,,Underground Bunker Facilities,,,,,,,,,,,,,,,,,,,,,,,
Daymar 08,Daymar 10,Daymar 33,NT-999-XVI,NT999XVI,250.895,154.055,-24.263,,,,,TRUE,0.000,0.000,,,,,,,,,,,,
Daymar 09,Daymar 11,Daymar 37,Security Post Moluto,Moluto,188.858,33.746,-224.163,,,,,TRUE,0.000,0.000,,,,,,,,,,,,
Daymar 10,Daymar 12,Daymar 04,Security Post Prashad,Prashad,-223.887,65.623,180.749,,,,,TRUE,0.000,0.000,,,,,,,,,,,,
Daymar 11,Daymar 13,Daymar 59,Security Post Thaquray,Thaquray,-6.981,-89.665,281.360,,,,,TRUE,0.000,0.000,,,,,,,,,,,,
Daymar 12,Daymar 14,Daymar 07,The Garden,Garden,-175.970,146.723,186.026,,,,,TRUE,0.000,0.000,,,,,,,,,,,,
Daymar 13,Daymar 15,Daymar 23,TPF,TPF,37.248,203.877,-209.981,,,,,TRUE,0.000,0.000,,,,,,,,,,,,
Daymar,Daymar 17,,Other Facilities,,,,,,,,,,,,,,,,,,,,,,,
Daymar 14,Daymar 18,Daymar 11,Covalex Shipping Hub Gundo,Covalex,-241.198,437.977,-300.000,,,,,TRUE,0.000,0.000,,,,,,,,,,,,
Daymar 21,Daymar 19,Daymar 25,Abandoned Outpost,Abandoned,73.139,285.904,1.906,,,,,FALSE,0.000,0.000,,,,,,,,,,,,
Daymar,Daymar 21,,Emergency Shelters,,,,,,,,,,,,,,,,,,,,,,,
Daymar 15,Daymar 22,Daymar 14,Dunlow Ridge Aid Shelter,Dunlow,-51.850,280.932,75.331,,,,,TRUE,0.000,0.000,,,,,,,,,,,,
Daymar 16,Daymar 23,Daymar 44,Eager Flats Aid Shelter,Eager,200.545,-104.917,190.097,,,,,TRUE,0.000,0.000,,,,,,,,,,,,
Daymar 17,Daymar 24,Daymar 72,Tamdon Plains Aid Shelter,Tamdon,-138.114,-24.463,-259.849,,,,,TRUE,0.000,0.000,,,,,,,,,,,,
Daymar 18,Daymar 25,Daymar 20,Wolf Point Aid Shelter,Wolf,-4.420,279.067,95.733,,,,,TRUE,0.000,0.000,,,,,,,,,,,,
Daymar,Daymar 27,,Racetracks,,,,,,,,,,,,,,,,,,,,,,,
Daymar 22,Daymar 28,Daymar 09,Yadar Valley,Yadar,-171.798,157.576,181.015,,,,,FALSE,0.000,0.000,,,,,,,,,,,,
Daymar,Daymar 30,,Settlements,,,,,,,,,,,,,,,,,,,,,,,
Daymar 23,Daymar 31,Daymar 30,Whistler's Crypt,Whistler,182.233,222.588,65.545,,,,,FALSE,0.000,0.000,,,,,,,,,,,,
Daymar 27,Daymar 35,Daymar 46,Settlement 22U,Settlement 22U,124.960,-148.641,222.355,,,,,FALSE,,,,,,,,,,,,,,
Daymar 28,Daymar 36,Daymar 22,Settlement 45U,Settlement 45U,4.258,191.418,225.001,,,,,FALSE,,,,,,,,,,,,,,
Daymar 26,Daymar 34,Daymar 47,Settlement 22H,Settlement 22H,157.294,-189.610,-162.427,,,,,FALSE,,,,,,,,,,,,,,
Daymar 29,Daymar 37,Daymar 06,Settlement 56G,Settlement 56G,-180.219,102.450,-209.921,,,,,FALSE,,,,,,,,,,,,,,
Daymar 24,Daymar 32,Daymar 63,Settlement 08S,Settlement 08S,-171.120,-163.648,176.530,,,,,FALSE,,,,,,,,,,,,,,
Daymar 25,Daymar 33,Daymar 53,Settlement 18S,Settlement 18S,58.305,-233.735,171.440,,,,,FALSE,,,,,,,,,,,,,,
Daymar,Daymar 39,,Caves,,,,,,,,,,,,,,,,,,,,,,,
Daymar 19,Daymar 40,Daymar 52,Kudre Ore Mine (Closed),Kudre Cave,81.008,-280.683,43.649,,,,,TRUE,0.000,0.000,,,,,,,,,,,,
Daymar 34,Daymar 45,Daymar 05,Rock Cave 57P,RCave 57P,-272.652,102.062,48.645,,,,,FALSE,0.000,0.000,,,,,,,,,,,,
Daymar 33,Daymar 44,Daymar 28,Rock Cave 42Q,RCave 42Q,108.060,250.300,113.124,,,,,FALSE,0.000,0.000,,,,,,,,,,,,
Daymar 30,Daymar 41,Daymar 70,Rock Cave 03J,RCave 03J,-259.272,-68.976,-122.777,,,,,FALSE,0.000,0.000,,,,,,,,,,,,
Daymar 31,Daymar 42,Daymar 54,Rock Cave 18J,RCave 18J,61.883,-249.125,-145.427,,,,,FALSE,0.000,0.000,,,,,,,,,,,,
Daymar 32,Daymar 43,Daymar 49,Rock Cave 22H,RCave 22H,146.356,-177.106,-185.070,,,,,FALSE,0.000,0.000,,,,,,,,,,,,
Daymar 48,Daymar 59,Daymar 42,Sand Cave 26W-306,SCave 26W306,94.704,-48.916,275.456,,,,,FALSE,,,,,,,,,,,,,,
Daymar 52,Daymar 63,Daymar 32,Sand Cave 37H,SCave 37H,193.896,150.954,-163.815,,,,,FALSE,,,,,,,,,,,,,,
Daymar 39,Daymar 50,Daymar 66,Sand Cave 07U,SCave 07U,-135.062,-105.570,240.679,,,,,FALSE,,,,,,,,,,,,,,
Daymar 47,Daymar 58,Daymar 43,Sand Cave 26W-305,SCave 26W305,104.783,-54.620,270.344,,,,,FALSE,,,,,,,,,,,,,,
Daymar 60,Daymar 71,Daymar 10,Sand Cave 51H,SCave 51H,-120.897,206.521,-172.837,,,,,FALSE,,,,,,,,,,,,,,
Daymar 49,Daymar 60,Daymar 40,Sand Cave 29K,SCave 29K,269.995,-37.161,-114.388,,,,,FALSE,,,,,,,,,,,,,,
Daymar 46,Daymar 57,Daymar 41,Sand Cave 26K,SCave 26K,254.474,-117.368,-92.820,,,,,FALSE,,,,,,,,,,,,,,
Daymar 45,Daymar 56,Daymar 51,Sand Cave 20P,SCave 20P,130.924,-259.374,52.005,,,,,FALSE,,,,,,,,,,,,,,
Daymar 41,Daymar 52,Daymar 61,Sand Cave 11M,SCave 11M,-128.787,-265.682,-7.486,,,,,FALSE,,,,,,,,,,,,,,
Daymar 38,Daymar 49,Daymar 67,Sand Cave 05N,SCave 05N,-255.995,-142.165,36.208,,,,,FALSE,,,,,,,,,,,,,,
Daymar 63,Daymar 74,Daymar 02,Sand Cave 59L,SCave 59L,-283.732,54.104,-60.173,,,,,FALSE,,,,,,,,,,,,,,
Daymar 55,Daymar 66,Daymar 24,Sand Cave 43H,SCave 43H,58.665,231.237,-173.753,,,,,FALSE,,,,,,,,,,,,,,
Daymar 53,Daymar 64,Daymar 31,Sand Cave 37L,SCave 37L,223.892,183.628,-59.678,,,,,FALSE,,,,,,,,,,,,,,
Daymar 50,Daymar 61,Daymar 39,Sand Cave 30D,SCave 30D,110.429,-9.162,-273.396,,,,,FALSE,,,,,,,,,,,,,,
Daymar 36,Daymar 47,Daymar 71,Sand Cave 03G,SCave 03G,-201.789,-45.282,-210.858,,,,,FALSE,,,,,,,,,,,,,,
Daymar 56,Daymar 67,Daymar 19,Sand Cave 46L,SCave 46L,-18.601,289.505,-56.771,,,,,FALSE,,,,,,,,,,,,,,
Daymar 54,Daymar 65,Daymar 29,Sand Cave 41Q,SCave 41Q,123.522,254.316,86.136,,,,,FALSE,,,,,,,,,,,,,,
Daymar 59,Daymar 70,Daymar 12,Sand Cave 49V,SCave 49V,-56.560,132.210,257.679,,,,,FALSE,,,,,,,,,,,,,,
Daymar 51,Daymar 62,Daymar 34,Sand Cave 34T,SCave 34T,203.579,80.578,198.174,,,,,FALSE,,,,,,,,,,,,,,
Daymar 43,Daymar 54,Daymar 58,Sand Cave 15H,SCave 15H,-17.529,-235.607,-176.989,,,,,FALSE,,,,,,,,,,,,,,
Daymar 57,Daymar 68,Daymar 15,Sand Cave 47U,SCave 47U,-24.453,190.721,223.877,,,,,FALSE,,,,,,,,,,,,,,
Daymar 42,Daymar 53,Daymar 60,Sand Cave 12X,SCave 12X,-26.993,-62.410,287.804,,,,,FALSE,,,,,,,,,,,,,,
Daymar 58,Daymar 69,Daymar 16,Sand Cave 47W,SCave 47W,-11.294,95.312,279.127,,,,,FALSE,,,,,,,,,,,,,,
Daymar 61,Daymar 72,Daymar 08,Sand Cave 54P,SCave 54P,-218.449,191.797,50.700,,,,,FALSE,,,,,,,,,,,,,,
Daymar 62,Daymar 73,Daymar 03,Sand Cave 58G,SCave 58G,-213.400,53.821,-196.771,,,,,FALSE,,,,,,,,,,,,,,
Daymar 37,Daymar 48,Daymar 68,Sand Cave 05E,SCave 05E,-141.219,-73.399,-248.560,,,,,FALSE,,,,,,,,,,,,,,
Daymar 40,Daymar 51,Daymar 62,Sand Cave 09G,SCave 09G,-137.603,-155.589,-210.126,,,,,FALSE,,,,,,,,,,,,,,
Daymar 35,Daymar 46,Daymar 73,Sand Cave 02J,SCave 02J,-260.866,-43.315,-131.051,,,,,FALSE,,,,,,,,,,,,,,
Daymar 64,Daymar 75,Daymar 01,Sand Cave 59P,SCave 59P,-283.241,53.892,62.888,,,,,FALSE,,,,,,,,,,,,,,
Daymar 44,Daymar 55,Daymar 56,Sand Cave 17T,SCave 17T,22.748,-203.776,212.300,,,,,FALSE,,,,,,,,,,,,,,
Daymar,Daymar 77,,Wrecks,,,,,,,,,,,,,,,,,,,,,,,
Daymar 65,Daymar 78,Daymar 64,Caterpillar Wreck,Caterpillar,-171.449,-162.799,177.207,,,,,FALSE,0.000,0.000,,,,,,,,,,,,
Daymar 66,Daymar 79,Daymar 35,Constellation Wreck,Constellation,283.816,70.563,-42.287,,,,,FALSE,0.000,0.000,,,,,,,,,,,,
Daymar 67,Daymar 80,Daymar 36,Cutlass Wreck,Cutlass,276.180,65.714,-80.365,,,,,FALSE,0.000,0.000,,,,,,,,,,,,
Daymar 68,Daymar 81,Daymar 55,Freelancer Wreck,Freelancer,4.771,-38.410,292.843,,,,,FALSE,0.000,0.000,,,,,,,,,,,,
Daymar 69,Daymar 82,Daymar 27,Javelin Wreck,Javelin,102.055,267.619,-70.856,,,,,FALSE,0.000,0.000,,,,,,,,,,,,
Daymar 70,Daymar 83,Daymar 13,Starfarer Wreck,Starfarer,-65.419,231.089,172.041,,,,,FALSE,0.000,0.000,,,,,,,,,,,,
Daymar,Daymar 85,,Comm Array,,,,,,,,,,,,,,,,,,,,,,,
Daymar 20,Daymar 86,Daymar 69,Comm Array ST2-47,ST2-47,-435.617,-146.996,24.000,,,,,TRUE,0.000,0.000,,,,,,,,,,,,
,,,,,,,,,,,,,,,,,,,,,,,,,,
Euterpe R01,Euterpe 35,,OM-1,OM1,0.000,0.000,314.031,,,,,TRUE,0.000,0.000,,,,,,,,,,,,
Euterpe R02,Euterpe 36,,OM-2,OM2,0.000,0.000,-314.031,,,,,TRUE,0.000,0.000,,,,,,,,,,,,
Euterpe R03,Euterpe 37,Euterpe 03,OM-3,OM3,0.000,314.031,0.000,,,,,TRUE,0.000,0.000,,,,,,,,,,,,
Euterpe R04,Euterpe 38,Euterpe 20,OM-4,OM4,0.000,-314.031,0.000,,,,,TRUE,0.000,0.000,,,,,,,,,,,,
Euterpe R05,Euterpe 39,Euterpe 12,OM-5,OM5,314.031,0.000,0.000,,,,,TRUE,0.000,0.000,,,,,,,,,,,,
Euterpe R06,Euterpe 40,Euterpe 27,OM-6,OM6,-314.031,0.000,0.000,,,,,TRUE,0.000,0.000,,,,,,,,,,,,
Euterpe,Euterpe 00,,Trading Terminals,,,,,,,,,,,,,,,,,,,,,,,
Euterpe 01,Euterpe 01,Euterpe 17,Bud's Growery,Growery,50.173,-172.259,115.271,,,,,TRUE,0.000,0.000,,,,,,,,,,,,
Euterpe 02,Euterpe 02,Euterpe 05,Devlin Scrap & Salvage,Devlin Scrap,14.887,211.192,25.985,,,,,TRUE,0.000,0.000,,,,,,,,,,,,
Euterpe,Euterpe 04,,Racetracks,,,,,,,,,,,,,,,,,,,,,,,
Euterpe 03,Euterpe 05,Euterpe 01,The Icebreaker,Icebreaker,-42.104,198.138,66.611,,,,,TRUE,0.000,0.000,,,,,,,,,,,,
Euterpe,Euterpe 07,,Settlements,,,,,,,,,,,,,,,,,,,,,,,
Euterpe 05,Euterpe 08,Euterpe 04,Euterpe Settlement,Settlement 4c,0.823,212.677,16.432,,,,,FALSE,,,,,,,,,,,,,,
Euterpe,Euterpe 10,,Caves,,,,,,,,,,,,,,,,,,,,,,,
Euterpe 09,Euterpe 14,Euterpe 07,Rock Cave 39N,RCave 39N,136.390,163.644,11.151,,,,,FALSE,0.000,0.000,,,,,,,,,,,,
Euterpe 07,Euterpe 12,Euterpe 24,Rock Cave 04P-047,RCave 04P047,-192.561,-82.292,40.531,,,,,FALSE,0.000,0.000,,,,,,,,,,,,
Euterpe 06,Euterpe 11,Euterpe 25,Rock Cave 04P-046,RCave 04P046,-192.196,-80.447,45.437,,,,,FALSE,0.000,0.000,,,,,,,,,,,,
Euterpe 10,Euterpe 15,Euterpe 02,Rock Cave 47H,RCave 47H,-33.199,162.934,-133.722,,,,,FALSE,0.000,0.000,,,,,,,,,,,,
Euterpe 08,Euterpe 13,Euterpe 14,Rock Cave 26F,RCave 26F,114.707,-65.951,-167.163,,,,,FALSE,0.000,0.000,,,,,,,,,,,,
Euterpe,Euterpe 17,,Wrecks,,,,,,,,,,,,,,,,,,,,,,,
Euterpe 14,Euterpe 21,Euterpe 08,Caterpillar Wreck 38L,Caterpillar 38L,145.418,152.345,-33.789,,,,,FALSE,0.000,0.000,,,,,,,,,,,,
Euterpe 15,Euterpe 22,Euterpe 06,Caterpillar Wreck 42L,Caterpillar 42L,67.368,196.703,-47.203,,,,,FALSE,0.000,0.000,,,,,,,,,,,,
Euterpe 12,Euterpe 19,Euterpe 11,Caterpillar Wreck 32K,Caterpillar 32K,200.332,34.467,-65.065,,,,,FALSE,0.000,0.000,,,,,,,,,,,,
Euterpe 13,Euterpe 20,Euterpe 10,Caterpillar Wreck 34J,Caterpillar 34J,180.074,69.715,-90.120,,,,,FALSE,0.000,0.000,,,,,,,,,,,,
Euterpe 11,Euterpe 18,Euterpe 13,Caterpillar Wreck 27G,Caterpillar 27G,145.497,-63.948,-142.486,,,,,FALSE,0.000,0.000,,,,,,,,,,,,
Euterpe 16,Euterpe 23,Euterpe 26,Freelancer Wreck 01N,Freelancer 01N,-213.175,-2.543,7.976,,,,,FALSE,0.000,0.000,,,,,,,,,,,,
Euterpe 17,Euterpe 24,Euterpe 19,Freelancer Wreck 16K,Freelancer 16K,4.195,-200.346,-73.424,,,,,FALSE,0.000,0.000,,,,,,,,,,,,
Euterpe 18,Euterpe 25,Euterpe 16,Freelancer Wreck 22K,Freelancer 22K,116.976,-158.184,-82.049,,,,,FALSE,0.000,0.000,,,,,,,,,,,,
Euterpe 19,Euterpe 26,Euterpe 15,Freelancer Wreck 25H,Freelancer 25H,138.738,-91.030,-134.409,,,,,FALSE,0.000,0.000,,,,,,,,,,,,
Euterpe 22,Euterpe 29,Euterpe 21,Starfarer Wreck 15P,Starfarer 15P,-12.140,-209.638,36.040,,,,,FALSE,0.000,0.000,,,,,,,,,,,,
Euterpe 23,Euterpe 30,Euterpe 18,Starfarer Wreck 18S,Starfarer 18S,44.458,-170.185,120.272,,,,,FALSE,0.000,0.000,,,,,,,,,,,,
Euterpe 20,Euterpe 27,Euterpe 23,Starfarer Wreck 06U,Starfarer 06U,-119.300,-77.344,158.908,,,,,FALSE,0.000,0.000,,,,,,,,,,,,
Euterpe 21,Euterpe 28,Euterpe 22,Starfarer Wreck 11L,Starfarer 11L,-87.490,-187.250,-52.153,,,,,FALSE,0.000,0.000,,,,,,,,,,,,
Euterpe,Euterpe 32,,Comm Array,,,,,,,,,,,,,,,,,,,,,,,
Euterpe 04,Euterpe 33,Euterpe 09,Comm Array ST4-64,ST4-64,431.784,208.034,24.000,,,,,TRUE,0.000,0.000,,,,,,,,,,,,
,,,,,,,,,,,,,,,,,,,,,,,,,,
Hurston R01,Hurston 161,,OM-1,OM1,0.000,0.000,1436.814,,,,,TRUE,0.000,0.000,,,,,,,,,,,,
Hurston R02,Hurston 162,,OM-2,OM2,0.000,0.000,-1436.814,,,,,TRUE,0.000,0.000,,,,,,,,,,,,
Hurston R03,Hurston 163,Hurston 42,OM-3,OM3,0.000,1436.814,0.000,,,,,TRUE,0.000,0.000,,,,,,,,,,,,
Hurston R04,Hurston 164,Hurston 92,OM-4,OM4,0.000,-1436.814,0.000,,,,,TRUE,0.000,0.000,,,,,,,,,,,,
Hurston R05,Hurston 165,Hurston 62,OM-5,OM5,1436.814,0.000,0.000,,,,,TRUE,0.000,0.000,,,,,,,,,,,,
Hurston R06,Hurston 166,Hurston 145,OM-6,OM6,-1436.814,0.000,0.000,,,,,TRUE,0.000,0.000,,,,,,,,,,,,
Hurston,Hurston 00,,Landing Zone,,,,,,,,,,,,,,,,,,,,,,,
Hurston 01,Hurston 01,Hurston 106,Lorville,Lorville,-328.989,-752.435,572.120,,,,,TRUE,0.000,0.000,,,,,,,,,,,,
Hurston 30,Hurston 02,Hurston 105,Teasa Spaceport,Teasa,-327.031,-758.519,565.629,,,,,FALSE,0.000,0.000,,,,,,,,,,,,
Hurston 02,Hurston 03,Hurston 111,Everus Harbor,Everus,-507.742,-903.464,496.489,,,,,TRUE,0.000,0.000,,,,,,,,,,,,
Hurston,Hurston 05,,Trading Terminals,,,,,,,,,,,,,,,,,,,,,,,
Hurston 03,Hurston 06,Hurston 103,HDMS Edmond (PB),Edmond,-284.480,-730.502,620.924,,,,,TRUE,0.000,0.000,,,,,,,,,,,,
Hurston 04,Hurston 07,Hurston 72,HDMS Hadley (PB),Hadley,626.167,-583.971,-518.485,,,,,TRUE,0.000,0.000,,,,,,,,,,,,
Hurston 05,Hurston 08,Hurston 141,HDMS Oparei (PB),Oparei,-556.126,-72.591,-828.071,,,,,TRUE,0.000,0.000,,,,,,,,,,,,
Hurston 06,Hurston 09,Hurston 57,HDMS Pinewood (PB),Pinewood,985.564,90.029,149.896,,,,,TRUE,0.000,0.000,,,,,,,,,,,,
Hurston 07,Hurston 10,Hurston 03,HDMS Stanhope (PB),Stanhope,-648.608,198.313,735.121,,,,,TRUE,0.000,0.000,,,,,,,,,,,,
Hurston 08,Hurston 11,Hurston 46,HDMS Thedus (PB),Thedus,443.322,891.525,101.509,,,,,TRUE,0.000,0.000,,,,,,,,,,,,
Hurston 09,Hurston 12,Hurston 91,Reclamation & Disposal Orinth,R&D Orinth,1.203,-794.237,607.701,,,,,TRUE,0.000,0.000,,,,,,,,,,,,
Hurston ,Hurston ,Hurston ,Echo Isle,Echo Isle,-405.104,-275.111,-872.196,,,,,FALSE,0.000,0.000,,,,,,,,,,,,
Hurston,Hurston 15,Hurston,Distribution Centers,,,,,,,,,,,,,,,,,,,,,,,
Hurston 50,Hurston 16,Hurston 60,Covalex Distribution Centre S1DC06,S1DC06,742.847,15.480,671.349,,,,,TRUE,0.000,0.000,,,,,,,,,,,,
Hurston 51,Hurston 17,Hurston 84,Dupree Industrial Manufacturing Facility,Dupree,239.426,-969.806,68.635,,,,,TRUE,0.000,0.000,,,,,,,,,,,,
Hurston 52,Hurston 18,Hurston 112,Greycat Stanton I Production Complex-B,Greycat I PCB,-407.457,-656.296,636.322,,,,,TRUE,0.000,0.000,,,,,,,,,,,,
Hurston 53,Hurston 19,Hurston 21,HDPC-Cassillo,Cassillo,-789.716,615.354,-2.353,,,,,TRUE,0.000,0.000,,,,,,,,,,,,
Hurston 54,Hurston 20,Hurston 53,HDPC-Farnesway,Farnesway,129.223,63.888,989.575,,,,,TRUE,0.000,0.000,,,,,,,,,,,,
Hurston 55,Hurston 21,Hurston 97,Sakura Sun Magnolia Workcenter,Magnolia,-229.373,-864.793,-446.960,,,,,TRUE,0.000,0.000,,,,,,,,,,,,
Hurston,Hurston 23,,Underground Bunker Facilities,,,,,,,,,,,,,,,,,,,,,,,
Hurston 11,Hurston 24,Hurston 64,HDOF Palomar,Palomar,766.533,-74.214,-640.265,,,,,TRUE,0.000,0.000,,,,,,,,,,,,
Hurston 12,Hurston 25,Hurston 99,HDSF Adlai,Adlai,-237.086,-810.782,537.793,,,,,TRUE,0.000,0.000,,,,,,,,,,,,
Hurston 13,Hurston 26,Hurston 11,HDSF Barnabas,Barnabas,-895.943,365.597,-252.263,,,,,TRUE,0.000,0.000,,,,,,,,,,,,
Hurston 14,Hurston 27,Hurston 26,HDSF Breckinridge,Breckinridge,-557.688,680.563,-477.688,,,,,TRUE,0.000,0.000,,,,,,,,,,,,
Hurston 15,Hurston 28,Hurston 54,HDSF Colfax,Colfax,902.219,383.909,-203.814,,,,,TRUE,0.000,0.000,,,,,,,,,,,,
Hurston 16,Hurston 29,Hurston 15,HDSF Damaris,Damaris,-898.570,420.343,-142.012,,,,,TRUE,0.000,0.000,,,,,,,,,,,,
Hurston 17,Hurston 30,Hurston 50,HDSF Elbridge,Elbridge,449.309,838.693,310.715,,,,,TRUE,0.000,0.000,,,,,,,,,,,,
Hurston 18,Hurston 31,Hurston 89,HDSF Hendricks,Hendricks,63.634,-969.033,-242.667,,,,,TRUE,0.000,0.000,,,,,,,,,,,,
Hurston 19,Hurston 32,Hurston 135,HDSF Hiram,Hiram,-942.505,-317.020,122.605,,,,,TRUE,0.000,0.000,,,,,,,,,,,,
Hurston 20,Hurston 33,Hurston 30,HDSF Hobart,Hobart,-492.333,768.276,410.873,,,,,TRUE,0.000,0.000,,,,,,,,,,,,
Hurston 21,Hurston 34,Hurston 120,HDSF Ishmael,Ishmael,-266.783,-158.616,952.318,,,,,TRUE,0.000,0.000,,,,,,,,,,,,
Hurston 22,Hurston 35,Hurston 19,HDSF Millerand,Millerand,-847.549,517.449,127.617,,,,,TRUE,0.000,0.000,,,,,,,,,,,,
Hurston 23,Hurston 36,Hurston 01,HDSF Rufus,Rufus,-64.679,11.413,-998.440,,,,,TRUE,0.000,0.000,,,,,,,,,,,,
Hurston 24,Hurston 37,Hurston 68,HDSF Sherman,Sherman,899.436,-406.041,168.243,,,,,TRUE,0.000,0.000,,,,,,,,,,,,
Hurston 25,Hurston 38,Hurston 87,HDSF Tamar,Tamar,121.292,-810.948,-573.513,,,,,TRUE,0.000,0.000,,,,,,,,,,,,
Hurston 26,Hurston 39,Hurston 48,HDSF Tompkins,Tompkins,374.820,724.628,579.686,,,,,TRUE,0.000,0.000,,,,,,,,,,,,
Hurston 27,Hurston 40,Hurston 51,HDSF Zacharias,Zacharias,249.462,398.477,-884.879,,,,,TRUE,0.000,0.000,,,,,,,,,,,,
Hurston,Hurston 42,,Racetracks,,,,,,,,,,,,,,,,,,,,,,,
Hurston 31,Hurston 43,Hurston 107,Lorville Outskirts,Outskirts,-333.544,-748.656,574.408,,,,,FALSE,0.000,0.000,,,,,,,,,,,,
Hurston,Hurston 45,,Settlements,,,,,,,,,,,,,,,,,,,,,,,
Hurston 34,Hurston 48,Hurston 122,Ludlow (Garage Town),Ludlow,-878.668,-467.858,111.091,,,,,TRUE,0.000,0.000,,,,,,,,,,,,
Hurston 33,Hurston 47,Hurston 116,Finn's Folly (Hydrona Farm),Finn's,-196.592,-197.871,961.999,,,,,FALSE,0.000,0.000,,,,,,,,,,,,
Hurston 36,Hurston 50,Hurston 09,Picker's Field,Picker's,-679.766,262.266,-686.080,,,,,TRUE,0.000,0.000,,,,,,,,,,,,
Hurston 35,Hurston 49,Hurston 22,Maker's Point (Wire City),Maker's,-154.007,128.325,979.766,,,,,TRUE,0.000,0.000,,,,,,,,,,,,
Hurston 39,Hurston 53,Hurston 77,Zephyr (Windmill),Zephyr,108.160,-133.662,986.694,,,,,TRUE,0.000,0.000,,,,,,,,,,,,
Hurston 37,Hurston 51,Hurston 79,Rappel,Rappel,352.952,-661.890,663.889,,,,,TRUE,0.000,0.000,,,,,,,,,,,,
Hurston 32,Hurston 46,Hurston 129,Cutter's Rig (Ocean Forge),Cutter's,-455.119,-200.497,867.564,,,,,FALSE,0.000,0.000,,,,,,,,,,,,
Hurston 38,Hurston 52,Hurston 127,Weeping Cove (Calypso Island),Weeping,-455.403,-202.816,866.881,,,,,TRUE,0.000,0.000,,,,,,,,,,,,
Hurston 42,Hurston 56,Hurston 104,Settlement 12M,Settlement 12M,-376.125,-926.123,-28.807,,,,,FALSE,0.000,0.000,,,,,,,,,,,,
Hurston 40,Hurston 54,Hurston 108,Settlement 11S,Settlement 11S,-344.067,-740.904,578.997,,,,,FALSE,0.000,0.000,,,,,,,,,,,,
Hurston 49,Hurston 63,Hurston 123,Settlement YZJ,Settlement YZJ,-144.838,-72.704,987.323,,,,,FALSE,0.000,0.000,,,,,,,,,,,,
Hurston 47,Hurston 61,Hurston 34,Settlement 49U,Settlement 49U,-229.886,577.237,785.123,,,,,FALSE,0.000,0.000,,,,,,,,,,,,
Hurston 45,Hurston 59,Hurston 37,Settlement 48M,Settlement 48M,-260.957,965.662,-51.847,,,,,FALSE,0.000,0.000,,,,,,,,,,,,
Hurston 46,Hurston 60,Hurston 35,Settlement 49L,Settlement 49L,-346.936,913.508,-213.325,,,,,FALSE,0.000,0.000,,,,,,,,,,,,
Hurston 43,Hurston 57,Hurston 101,Settlement 12S,Settlement 12S,-278.801,-767.756,576.914,,,,,FALSE,0.000,0.000,,,,,,,,,,,,
Hurston 41,Hurston 55,Hurston 110,Settlement 11T,Settlement 11T,-336.118,-656.522,675.285,,,,,FALSE,0.000,0.000,,,,,,,,,,,,
Hurston 48,Hurston 62,Hurston 98,Settlement YZH,Settlement YZH,-15.838,-58.197,998.865,,,,,FALSE,0.000,0.000,,,,,,,,,,,,
Hurston 44,Hurston 58,Hurston 76,Settlement 22W,Settlement 22W,253.237,-308.347,918.209,,,,,FALSE,0.000,0.000,,,,,,,,,,,,
Hurston,Hurston 65,,Caves,,,,,,,,,,,,,,,,,,,,,,,
Hurston 28,Hurston 66,Hurston 96,HDES Calthrope (NA),Calthrope,-203.376,-806.580,557.779,,,,,TRUE,0.000,0.000,,,,,,,,,,,,
Hurston 57,Hurston 68,Hurston 102,Rock Cave 12R,RCave 12R,-303.624,-801.386,518.049,,,,,FALSE,0.000,0.000,,,,,,,,,,,,
Hurston 56,Hurston 67,Hurston 109,Rock Cave 11S,RCave 11S,-357.906,-743.793,565.642,,,,,FALSE,0.000,0.000,,,,,,,,,,,,
Hurston 60,Hurston 71,Hurston 131,Rock Cave YZJ,RCave YZJ,-160.053,-65.455,985.626,,,,,FALSE,0.000,0.000,,,,,,,,,,,,
Hurston 59,Hurston 70,Hurston 04,Rock Cave 57L,RCave 57L,-928.268,318.895,-203.466,,,,,FALSE,0.000,0.000,,,,,,,,,,,,
Hurston 58,Hurston 69,Hurston 10,Rock Cave 47K,RCave 47K,-869.988,336.529,-360.425,,,,,FALSE,0.000,0.000,,,,,,,,,,,,
Hurston 83,Hurston 94,Hurston 31,Sand Cave 49X-A45,SCave 49XA45,-79.939,189.230,979.794,,,,,FALSE,0.000,0.000,,,,,,,,,,,,
Hurston 82,Hurston 93,Hurston 32,Sand Cave 49X-A32,SCave 49XA32,-78.779,188.726,980.014,,,,,FALSE,0.000,0.000,,,,,,,,,,,,
Hurston 87,Hurston 98,Hurston 23,Sand Cave 54U,SCave 54U,-441.716,371.456,820.407,,,,,FALSE,0.000,0.000,,,,,,,,,,,,
Hurston 85,Hurston 96,Hurston 25,Sand Cave 53U-626,SCave 53U626,-406.402,437.568,805.356,,,,,FALSE,0.000,0.000,,,,,,,,,,,,
Hurston 84,Hurston 95,Hurston 27,Sand Cave 52U,SCave52U,-366.144,458.664,812.630,,,,,FALSE,0.000,0.000,,,,,,,,,,,,
Hurston 86,Hurston 97,Hurston 24,Sand Cave 53U-628,SCave 53U628,-396.853,413.032,823.481,,,,,FALSE,0.000,0.000,,,,,,,,,,,,
Hurston 79,Hurston 90,Hurston 41,Sand Cave 46X,SCave 46X,-9.460,241.671,971.777,,,,,FALSE,0.000,0.000,,,,,,,,,,,,
Hurston 77,Hurston 88,Hurston 45,Sand Cave 43X,SCave 43X,70.553,293.568,954.974,,,,,FALSE,0.000,0.000,,,,,,,,,,,,
Hurston 76,Hurston 87,Hurston 47,Sand Cave 41X,SCave 41X,120.338,238.564,965.219,,,,,FALSE,0.000,0.000,,,,,,,,,,,,
Hurston 80,Hurston 91,Hurston 36,Sand Cave 48X,SCave 48X,-87.599,293.723,952.971,,,,,FALSE,0.000,0.000,,,,,,,,,,,,
Hurston 90,Hurston 101,Hurston 12,Sand Cave 57W,SCave 57W,-287.103,123.926,951.131,,,,,FALSE,0.000,0.000,,,,,,,,,,,,
Hurston 64,Hurston 75,Hurston 137,Sand Cave 03X,SCave 03X,-265.775,-62.214,963.271,,,,,FALSE,0.000,0.000,,,,,,,,,,,,
Hurston 65,Hurston 76,Hurston 94,Sand Cave 15W,SCave 15W,-28.934,-339.177,941.985,,,,,FALSE,0.000,0.000,,,,,,,,,,,,
Hurston 68,Hurston 79,Hurston 80,Sand Cave 19X,SCave 19X,82.106,-199.091,977.407,,,,,FALSE,0.000,0.000,,,,,,,,,,,,
Hurston 98,Hurston 109,Hurston 65,Sand Cave YZG,SCave YZG,16.623,-3.801,1000.353,,,,,FALSE,0.000,0.000,,,,,,,,,,,,
Hurston 72,Hurston 83,Hurston 67,Sand Cave 27W-313,SCave 27W313,386.885,-171.168,906.751,,,,,FALSE,0.000,0.000,,,,,,,,,,,,
Hurston 73,Hurston 84,Hurston 66,Sand Cave 27W-321,SCave 27W321,329.143,-119.738,937.285,,,,,FALSE,0.000,0.000,,,,,,,,,,,,
Hurston 75,Hurston 86,Hurston 55,Sand Cave 33W,SCave 33W,348.137,109.396,931.296,,,,,FALSE,0.000,0.000,,,,,,,,,,,,
Hurston 74,Hurston 85,Hurston 59,Sand Cave 31V,SCave 31V,536.060,28.138,846.224,,,,,FALSE,0.000,0.000,,,,,,,,,,,,
Hurston 61,Hurston 72,Hurston 144,Sand Cave 01E,SCave 01E,-532.079,-12.082,-847.178,,,,,FALSE,0.000,0.000,,,,,,,,,,,,
Hurston 62,Hurston 73,Hurston 139,Sand Cave 02F,SCave 02F,-555.733,-85.987,-827.054,,,,,FALSE,0.000,0.000,,,,,,,,,,,,
Hurston 63,Hurston 74,Hurston 136,Sand Cave 03E,SCave 03E,-514.420,-161.130,-843.349,,,,,FALSE,0.000,0.000,,,,,,,,,,,,
Hurston 69,Hurston 80,Hurston 78,Sand Cave 21C,SCave 21C,113.788,-189.121,-975.769,,,,,FALSE,0.000,0.000,,,,,,,,,,,,
Hurston 94,Hurston 105,Hurston 82,Sand Cave AZN-222,SCave AZN222,33.034,-87.209,-996.453,,,,,FALSE,0.000,0.000,,,,,,,,,,,,
Hurston 66,Hurston 77,Hurston 88,Sand Cave 17D,SCave 17D,56.012,-419.681,-906.074,,,,,FALSE,0.000,0.000,,,,,,,,,,,,
Hurston 70,Hurston 81,Hurston 75,Sand Cave 22C,SCave 22C,177.790,-197.563,-964.301,,,,,FALSE,0.000,0.000,,,,,,,,,,,,
Hurston 78,Hurston 89,Hurston 44,Sand Cave 44C,SCave 44C,36.135,218.317,-976.071,,,,,FALSE,0.000,0.000,,,,,,,,,,,,
Hurston 91,Hurston 102,Hurston 114,Sand Cave AZM,SCave AZM,-68.345,-78.165,-996.640,,,,,FALSE,0.000,0.000,,,,,,,,,,,,
Hurston 89,Hurston 100,Hurston 17,Sand Cave 56D,SCave 56D,-360.868,201.305,-912.248,,,,,FALSE,0.000,0.000,,,,,,,,,,,,
Hurston 88,Hurston 99,Hurston 20,Sand Cave 55D,SCave 55D,-354.400,230.590,-907.317,,,,,FALSE,0.000,0.000,,,,,,,,,,,,
Hurston 81,Hurston 92,Hurston 33,Sand Cave 49D,SCave 49D,-119.645,293.535,-949.420,,,,,FALSE,0.000,0.000,,,,,,,,,,,,
Hurston 71,Hurston 82,Hurston 70,Sand Cave 26C,SCave 26C,153.296,-86.865,-985.508,,,,,FALSE,0.000,0.000,,,,,,,,,,,,
Hurston 92,Hurston 103,Hurston 86,Sand Cave AZN-200,SCave AZN200,3.397,-20.294,-1000.286,,,,,FALSE,0.000,0.000,,,,,,,,,,,,
Hurston 93,Hurston 104,Hurston 85,Sand Cave AZN-208,SCave AZN208,9.327,-38.798,-999.705,,,,,FALSE,0.000,0.000,,,,,,,,,,,,
Hurston 96,Hurston 107,Hurston 38,Sand Cave BAM,SCave BAM,-6.553,62.507,-998.502,,,,,FALSE,0.000,0.000,,,,,,,,,,,,
Hurston 97,Hurston 108,Hurston 58,Sand Cave BAN,SCave BAN,100.202,8.479,-995.843,,,,,FALSE,0.000,0.000,,,,,,,,,,,,
Hurston 95,Hurston 106,Hurston 69,Sand Cave AZN-307,SCave AZN-307,87.843,-43.817,-996.016,,,,,FALSE,0.000,0.000,,,,,,,,,,,,
Hurston 67,Hurston 78,Hurston 83,Sand Cave 19C,SCave 19C,68.701,-207.763,-976.383,,,,,FALSE,0.000,0.000,,,,,,,,,,,,
Hurston,Hurston 111,,Wrecks,,,,,,,,,,,,,,,,,,,,,,,
Hurston 101,Hurston 114,Hurston 93,Caterpillar Wreck 15P,Caterpillar 15P,-44.669,-971.574,232.541,,,,,FALSE,0.000,0.000,,,,,,,,,,,,
Hurston 100,Hurston 113,Hurston 115,Caterpillar Wreck 08L,Caterpillar 08L,-653.836,-717.665,-245.716,,,,,FALSE,0.000,0.000,,,,,,,,,,,,
Hurston 102,Hurston 115,Hurston 52,Caterpillar Wreck 38K,Caterpillar 38K,646.062,649.617,-404.154,,,,,FALSE,0.000,0.000,,,,,,,,,,,,
Hurston 99,Hurston 112,Hurston 133,Caterpillar Wreck 04J,Caterpillar 04J,-815.733,-287.104,-503.889,,,,,FALSE,0.000,0.000,,,,,,,,,,,,
Hurston 106,Hurston 119,Hurston 08,Constellation Wreck 57T,Constellation 57T,-699.893,264.864,663.971,,,,,FALSE,0.000,0.000,,,,,,,,,,,,
Hurston 104,Hurston 117,Hurston 81,Constellation Wreck 19K,Constellation 19K,359.032,-881.816,-308.452,,,,,FALSE,0.000,0.000,,,,,,,,,,,,
Hurston 103,Hurston 116,Hurston 95,Constellation Wreck 14J,Constellation 14J,-131.882,-882.095,-452.240,,,,,FALSE,0.000,0.000,,,,,,,,,,,,
Hurston 105,Hurston 118,Hurston 39,Constellation Wreck 46J,Constellation 46J,-63.743,873.126,-486.420,,,,,FALSE,0.000,0.000,,,,,,,,,,,,
Hurston 108,Hurston 121,Hurston 132,Cutlass Wreck 04T,Cutlass 04T,-667.750,-271.843,694.432,,,,,FALSE,0.000,0.000,,,,,,,,,,,,
Hurston 107,Hurston 120,Hurston 143,Cutlass Wreck 01H,Cutlass 01H,-833.061,-68.424,-550.783,,,,,FALSE,0.000,0.000,,,,,,,,,,,,
Hurston 110,Hurston 123,Hurston 16,Cutlass Wreck 56F,Cutlass 56F,-569.721,306.215,-764.710,,,,,FALSE,0.000,0.000,,,,,,,,,,,,
Hurston 109,Hurston 122,Hurston 73,Cutlass Wreck 23D,Cutlass 23D,261.157,-269.430,-928.880,,,,,FALSE,0.000,0.000,,,,,,,,,,,,
Hurston 111,Hurston 124,Hurston 74,Freelancer Wreck 23N,Freelancer 23N,674.898,-737.051,45.596,,,,,FALSE,0.000,0.000,,,,,,,,,,,,
Hurston 112,Hurston 125,Hurston 56,Freelancer Wreck 31P,Freelancer 31P,977.427,90.200,197.998,,,,,FALSE,0.000,0.000,,,,,,,,,,,,
Hurston 113,Hurston 126,Hurston 28,Freelancer Wreck 52J,Freelancer 52J,-550.096,706.821,-446.534,,,,,FALSE,0.000,0.000,,,,,,,,,,,,
Hurston 114,Hurston 127,Hurston 05,Freelancer Wreck 57J,Freelancer 57J,-832.046,293.107,-471.020,,,,,FALSE,0.000,0.000,,,,,,,,,,,,
Hurston 117,Hurston 130,Hurston 49,Satellite Wreck 41P,Satellite 41P,457.265,876.042,158.397,,,,,FALSE,0.000,0.000,,,,,,,,,,,,
Hurston 115,Hurston 128,Hurston 100,Satellite Wreck 13S,Satellite 13S,-237.427,-782.591,577.772,,,,,FALSE,0.000,0.000,,,,,,,,,,,,
Hurston 116,Hurston 129,Hurston 90,Satellite Wreck 16T,Satellite 16T,26.263,-763.129,646.048,,,,,FALSE,0.000,0.000,,,,,,,,,,,,
Hurston 118,Hurston 131,Hurston 18,Satellite Wreck 55L,Satellite 55L,-846.765,501.396,-178.920,,,,,FALSE,0.000,0.000,,,,,,,,,,,,
Hurston 121,Hurston 134,Hurston 29,Starfarer Wreck 52P,Starfarer 52P,-591.697,779.843,210.275,,,,,FALSE,0.000,0.000,,,,,,,,,,,,
Hurston 120,Hurston 133,Hurston 61,Starfarer Wreck 31S,Starfarer 31S,774.788,8.140,633.956,,,,,FALSE,0.000,0.000,,,,,,,,,,,,
Hurston 122,Hurston 135,Hurston 02,Starfarer Wreck 58L,Starfarer 58L,-950.244,276.430,-152.587,,,,,FALSE,0.000,0.000,,,,,,,,,,,,
Hurston 119,Hurston 132,Hurston 63,Starfarer Wreck 30L,Starfarer 30L,979.864,-47.469,-193.947,,,,,FALSE,0.000,0.000,,,,,,,,,,,,
Hurston,Hurston 137,,Comm Array,,,,,,,,,,,,,,,,,,,,,,,
Hurston 29,Hurston 138,Hurston 71,Comm Array ST1-61,ST1-61,919.253,-771.345,24.000,,,,,TRUE,0.000,0.000,,,,,,,,,,,,
Hurston,Hurston 140,,Rivers,,,,,,,,,,,,,,,,,,,,,,,
Hurston 139,Hurston 157,Hurston 06,River 57M,River 57M,-941.473,339.556,-37.631,,,,,FALSE,0.000,0.000,,,,,,,,,,,,
Hurston 128,Hurston 146,Hurston 128,River 04S-048,River 04S048,-717.819,-316.376,623.823,,,,,FALSE,0.000,0.000,,,,,,,,,,,,
Hurston 140,Hurston 158,Hurston 40,River BBM,River BBM,-5.160,109.536,-995.080,,,,,FALSE,0.000,0.000,,,,,,,,,,,,
Hurston 132,Hurston 150,Hurston 124,River 05T-X38,River 05TX38,-691.893,-317.430,651.233,,,,,FALSE,0.000,0.000,,,,,,,,,,,,
Hurston 130,Hurston 148,Hurston 126,River 05T-X12,River 05TX12,-690.417,-309.058,656.784,,,,,FALSE,0.000,0.000,,,,,,,,,,,,
Hurston 129,Hurston 147,Hurston 121,River 05D,River 05D,-348.266,-192.231,-919.826,,,,,FALSE,0.000,0.000,,,,,,,,,,,,
Hurston 134,Hurston 152,Hurston 118,River 06D-064,River 06D064,-299.122,-185.314,-938.230,,,,,FALSE,0.000,0.000,,,,,,,,,,,,
Hurston 138,Hurston 156,Hurston 07,River 57D-680,River 57D680,-343.945,127.721,-931.201,,,,,FALSE,0.000,0.000,,,,,,,,,,,,
Hurston 123,Hurston 141,Hurston 142,River 01T,River 01T,-687.519,-71.674,725.633,,,,,FALSE,0.000,0.000,,,,,,,,,,,,
Hurston 127,Hurston 145,Hurston 130,River 04S-047,River 04S047,-722.540,-314.020,619.754,,,,,FALSE,0.000,0.000,,,,,,,,,,,,
Hurston 136,Hurston 154,Hurston 14,River 56D,River 56D,-303.935,141.443,-943.310,,,,,FALSE,0.000,0.000,,,,,,,,,,,,
Hurston 131,Hurston 149,Hurston 125,River 05T-X32,River 05TX32,-690.169,-316.546,653.871,,,,,FALSE,0.000,0.000,,,,,,,,,,,,
Hurston 124,Hurston 142,Hurston 140,River 02T-016,River 02T016,-680.960,-92.077,728.451,,,,,FALSE,0.000,0.000,,,,,,,,,,,,
Hurston 137,Hurston 155,Hurston 13,River 57D-673,River 57D673,-314.892,137.108,-940.440,,,,,FALSE,0.000,0.000,,,,,,,,,,,,
Hurston 135,Hurston 153,Hurston 113,River 09C,River 09C,-126.826,-156.791,-981.603,,,,,FALSE,0.000,0.000,,,,,,,,,,,,
Hurston 133,Hurston 151,Hurston 119,River 06D-062,River 06D062,-350.601,-210.520,-913.869,,,,,FALSE,0.000,0.000,,,,,,,,,,,,
Hurston 141,Hurston 159,Hurston 43,River BBN,River BBN,9.531,105.961,-995.355,,,,,FALSE,0.000,0.000,,,,,,,,,,,,
Hurston 126,Hurston 144,Hurston 134,River 04F,River 04F,-567.532,-197.874,-799.848,,,,,FALSE,0.000,0.000,,,,,,,,,,,,
Hurston 125,Hurston 143,Hurston 138,River 02T-024,River 02T024,-711.739,-150.118,689.397,,,,,FALSE,0.000,0.000,,,,,,,,,,,,
,,,,,,,,,,,,,,,,,,,,,,,,,,
Ita R01,Ita 50,,OM-1,OM1,0.000,0.000,472.453,,,,,TRUE,0.000,0.000,,,,,,,,,,,,
Ita R02,Ita 51,,OM-2,OM2,0.000,0.000,-472.453,,,,,TRUE,0.000,0.000,,,,,,,,,,,,
Ita R03,Ita 52,Ita 09,OM-3,OM3,0.000,472.453,0.000,,,,,TRUE,0.000,0.000,,,,,,,,,,,,
Ita R04,Ita 53,Ita 31,OM-4,OM4,0.000,-472.453,0.000,,,,,TRUE,0.000,0.000,,,,,,,,,,,,
Ita R05,Ita 54,Ita 18,OM-5,OM5,472.453,0.000,0.000,,,,,TRUE,0.000,0.000,,,,,,,,,,,,
Ita R06,Ita 55,Ita 44,OM-6,OM6,-472.453,0.000,0.000,,,,,TRUE,0.000,0.000,,,,,,,,,,,,
Ita,Ita 00,,Trading Terminals,,,,,,,,,,,,,,,,,,,,,,,
Ita 01,Ita 01,Ita 34,HDMS Ryder (PB),Ryder,-175.874,-263.381,73.709,,,,,TRUE,0.000,0.000,,,,,,,,,,,,
Ita 02,Ita 02,Ita 12,HDMS Woodruff (PB),Woodruff,114.792,219.661,210.467,,,,,TRUE,0.000,0.000,,,,,,,,,,,,
Ita,Ita 04,,Settlements,,,,,,,,,,,,,,,,,,,,,,,
Ita 04,Ita 05,Ita 35,Settlement 10P,Settlement 10P,-178.058,-260.616,78.402,,,,,FALSE,0.000,0.000,,,,,,,,,,,,
Ita 05,Ita 06,Ita 11,Settlement 43R,Settlement 43R,69.597,284.374,141.432,,,,,FALSE,0.000,0.000,,,,,,,,,,,,
Ita,Ita 08,,Caves,,,,,,,,,,,,,,,,,,,,,,,
Ita 16,Ita 19,Ita 28,Sand Cave 22Q,SCave 22Q,193.700,-227.582,127.759,,,,,FALSE,0.000,0.000,,,,,,,,,,,,
Ita 18,Ita 21,Ita 26,Sand Cave 24H-277,SCave 24H277,188.807,-167.769,-204.413,,,,,FALSE,0.000,0.000,,,,,,,,,,,,
Ita 29,Ita 32,Ita 08,Sand Cave 48L,SCave 48L,-91.952,299.686,-85.814,,,,,FALSE,0.000,0.000,,,,,,,,,,,,
Ita 14,Ita 17,Ita 32,Sand Cave 10P-118,SCave 10P118,-164.654,-271.127,71.294,,,,,FALSE,0.000,0.000,,,,,,,,,,,,
Ita 19,Ita 22,Ita 25,Sand Cave 24H-283,SCave 24H283,213.022,-171.322,-175.822,,,,,FALSE,0.000,0.000,,,,,,,,,,,,
Ita 11,Ita 14,Ita 37,Sand Cave 08M,SCave 08M,-233.601,-224.911,-23.934,,,,,FALSE,0.000,0.000,,,,,,,,,,,,
Ita 13,Ita 16,Ita 33,Sand Cave 10P-116,SCave 10P116,-168.357,-267.865,74.940,,,,,FALSE,0.000,0.000,,,,,,,,,,,,
Ita 09,Ita 12,Ita 39,Sand Cave 02P,SCave 02P,-314.472,-59.807,56.553,,,,,FALSE,0.000,0.000,,,,,,,,,,,,
Ita 07,Ita 10,Ita 41,Sand Cave 01N-008,SCave 01N008,-324.468,-22.131,3.270,,,,,FALSE,0.000,0.000,,,,,,,,,,,,
Ita 35,Ita 38,Ita 02,Sand Cave 58T,SCave 58T,-236.665,52.683,216.703,,,,,FALSE,0.000,0.000,,,,,,,,,,,,
Ita 28,Ita 31,Ita 10,Sand Cave 45T,SCave 45T,9.904,243.315,215.753,,,,,FALSE,0.000,0.000,,,,,,,,,,,,
Ita 33,Ita 36,Ita 03,Sand Cave 54K,SCave 54K,-237.293,192.443,-111.479,,,,,FALSE,0.000,0.000,,,,,,,,,,,,
Ita 10,Ita 13,Ita 38,Sand Cave 07Q,SCave 07Q,-246.246,-184.653,105.539,,,,,FALSE,0.000,0.000,,,,,,,,,,,,
Ita 26,Ita 29,Ita 15,Sand Cave 35M,SCave 35M,284.249,157.516,-14.705,,,,,FALSE,0.000,0.000,,,,,,,,,,,,
Ita 24,Ita 27,Ita 17,Sand Cave 33K,SCave 33K,289.759,83.644,-121.346,,,,,FALSE,0.000,0.000,,,,,,,,,,,,
Ita 06,Ita 09,Ita 43,Sand Cave 01J,SCave 01J,-289.762,-7.632,-147.995,,,,,FALSE,0.000,0.000,,,,,,,,,,,,
Ita 08,Ita 11,Ita 40,Sand Cave 01N-011,SCave 01N011,-321.443,-28.491,39.719,,,,,FALSE,0.000,0.000,,,,,,,,,,,,
Ita 20,Ita 23,Ita 24,Sand Cave 25K,SCave 25K,252.353,-170.580,-114.248,,,,,FALSE,0.000,0.000,,,,,,,,,,,,
Ita 17,Ita 20,Ita 27,Sand Cave 23N,SCave 23N,229.433,-229.237,18.391,,,,,FALSE,0.000,0.000,,,,,,,,,,,,
Ita 15,Ita 18,Ita 29,Sand Cave 20J,SCave 20J,138.077,-256.885,-144.004,,,,,FALSE,0.000,0.000,,,,,,,,,,,,
Ita 34,Ita 37,Ita 04,Sand Cave 54M,SCave 54M,-244.845,210.417,-36.874,,,,,FALSE,0.000,0.000,,,,,,,,,,,,
Ita 32,Ita 35,Ita 05,Sand Cave 53R,SCave 53R,-198.366,210.080,149.782,,,,,FALSE,0.000,0.000,,,,,,,,,,,,
Ita 31,Ita 34,Ita 06,Sand Cave 51S,SCave 51S,-145.857,225.601,183.247,,,,,FALSE,0.000,0.000,,,,,,,,,,,,
Ita 30,Ita 33,Ita 07,Sand Cave 49S,SCave 49S,-95.672,232.415,206.557,,,,,FALSE,0.000,0.000,,,,,,,,,,,,
Ita 22,Ita 25,Ita 22,Sand Cave 26S,SCave 26S,226.490,-127.471,195.092,,,,,FALSE,0.000,0.000,,,,,,,,,,,,
Ita 21,Ita 24,Ita 23,Sand Cave 25S,SCave 25S,222.979,-129.326,197.906,,,,,FALSE,0.000,0.000,,,,,,,,,,,,
Ita 23,Ita 26,Ita 19,Sand Cave 28T,SCave 28T,220.696,-65.428,229.557,,,,,FALSE,0.000,0.000,,,,,,,,,,,,
Ita 27,Ita 30,Ita 14,Sand Cave 40R,SCave 40R,165.618,230.517,158.177,,,,,FALSE,0.000,0.000,,,,,,,,,,,,
Ita 25,Ita 28,Ita 16,Sand Cave 34P,SCave 34P,289.302,128.190,75.105,,,,,FALSE,0.000,0.000,,,,,,,,,,,,
Ita 12,Ita 15,Ita 36,Sand Cave 09N,SCave 09N,-207.861,-248.556,26.326,,,,,FALSE,0.000,0.000,,,,,,,,,,,,
Ita,Ita 40,,Wrecks,,,,,,,,,,,,,,,,,,,,,,,
Ita 36,Ita 41,Ita 42,Caterpillar Wreck 01Q,Caterpillar 01Q,-306.173,-9.831,109.758,,,,,FALSE,0.000,0.000,,,,,,,,,,,,
Ita 37,Ita 42,Ita 13,Caterpillar Wreck 40S,Caterpillar 40S,137.997,211.437,204.970,,,,,,,,,,,,,,,,,,,
Ita 38,Ita 43,Ita 21,Constellation Wreck,Constellation D,216.188,-74.024,230.962,,,,,FALSE,0.000,0.000,,,,,,,,,,,,
Ita 39,Ita 44,Ita 01,Freelancer Wreck,Freelancer,-311.307,0.474,-94.345,,,,,FALSE,0.000,0.000,,,,,,,,,,,,
Ita 40,Ita 45,Ita 20,Starfarer Wreck,Starfarer,270.672,-86.652,-158.135,,,,,FALSE,0.000,0.000,,,,,,,,,,,,
Ita,Ita 47,,Comm Array,,,,,,,,,,,,,,,,,,,,,,,
Ita 03,Ita 48,Ita 30,Comm Array ST1-02,ST1-02,122.153,-475.821,24.000,,,,,TRUE,0.000,0.000,,,,,,,,,,,,
,,,,,,,,,,,,,,,,,,,,,,,,,,
Lyria R01,Lyria 35,,OM-1,OM1,0.000,0.000,328.204,,,,,TRUE,0.000,0.000,,,,,,,,,,,,
Lyria R02,Lyria 36,,OM-2,OM2,0.000,0.000,-328.204,,,,,TRUE,0.000,0.000,,,,,,,,,,,,
Lyria R03,Lyria 37,Lyria 07,OM-3,OM3,0.000,328.204,0.000,,,,,TRUE,0.000,0.000,,,,,,,,,,,,
Lyria R04,Lyria 38,Lyria 22,OM-4,OM4,0.000,-328.204,0.000,,,,,TRUE,0.000,0.000,,,,,,,,,,,,
Lyria R05,Lyria 39,Lyria 13,OM-5,OM5,328.204,0.000,0.000,,,,,TRUE,0.000,0.000,,,,,,,,,,,,
Lyria R06,Lyria 40,Lyria 29,OM-6,OM6,-328.204,0.000,0.000,,,,,TRUE,0.000,0.000,,,,,,,,,,,,
Lyria,Lyria 00,,Trading Terminals,,,,,,,,,,,,,,,,,,,,,,,
Lyria 01,Lyria 01,Lyria 21,Humboldt Mines,Humboldt,5.311,-193.819,-112.545,,,,,TRUE,0.000,0.000,,,,,,,,,,,,
Lyria 02,Lyria 02,Lyria 11,Loveridge Mineral Reserve,Loveridge,181.800,128.166,24.940,,,,,TRUE,0.000,0.000,,,,,,,,,,,,
Lyria 03,Lyria 03,Lyria 15,Shubin Mining Facility SAL-2 (PB),SAL-2,150.636,-53.619,156.668,,,,,TRUE,0.000,0.000,,,,,,,,,,,,
Lyria 04,Lyria 04,Lyria 10,Shubin Mining Facility SAL-5 (PB),SAL-5,98.070,78.361,185.821,,,,,TRUE,0.000,0.000,,,,,,,,,,,,
Lyria 05,Lyria 05,Lyria 06,The Orphanage,Orphanage,-91.990,92.484,182.182,,,,,TRUE,0.000,0.000,,,,,,,,,,,,
Lyria,Lyria 07,,Underground Bunker Facilities,,,,,,,,,,,,,,,,,,,,,,,
Lyria 06,Lyria 08,Lyria 26,Buckets,Buckets,-194.039,-67.997,-89.480,,,,,TRUE,0.000,0.000,,,,,,,,,,,,
Lyria 07,Lyria 09,Lyria 14,Elsewhere,Elsewhere,207.832,-67.344,-50.273,,,,,TRUE,0.000,0.000,,,,,,,,,,,,
Lyria 08,Lyria 10,Lyria 27,Launch Pad,Launch Pad,-213.840,-65.163,16.508,,,,,TRUE,0.000,0.000,,,,,,,,,,,,
Lyria 09,Lyria 11,Lyria 28,Operations Depot Lyria,OpDepot,-147.804,-17.445,167.340,,,,,TRUE,0.000,0.000,,,,,,,,,,,,
Lyria 10,Lyria 12,Lyria 01,Shubin Processing Facility SPAL-3,SPAL-3,-208.404,11.275,-81.322,,,,,TRUE,0.000,0.000,,,,,,,,,,,,
Lyria 11,Lyria 13,Lyria 19,Shubin Processing Facility SPAL-7,SPAL-7,37.914,-126.142,181.387,,,,,TRUE,0.000,0.000,,,,,,,,,,,,
Lyria 12,Lyria 14,Lyria 18,Shubin Processing Facility SPAL-9,SPAL-9,146.676,-169.035,8.340,,,,,TRUE,0.000,0.000,,,,,,,,,,,,
Lyria 13,Lyria 15,Lyria 05,Shubin Processing Facility SPAL-12,SPAL-12,-173.503,124.810,66.784,,,,,TRUE,0.000,0.000,,,,,,,,,,,,
Lyria 14,Lyria 16,Lyria 24,Shubin Processing Facility SPAL-16,SPAL-16,-40.101,-66.263,209.892,,,,,TRUE,0.000,0.000,,,,,,,,,,,,
Lyria 15,Lyria 17,Lyria 04,Shubin Processing Facility SPAL-21,SPAL-21,-19.527,13.462,222.716,,,,,TRUE,0.000,0.000,,,,,,,,,,,,
Lyria 16,Lyria 18,Lyria 08,Teddy's Playhouse,Playhouse,95.429,160.940,-122.846,,,,,TRUE,0.000,0.000,,,,,,,,,,,,
Lyria 17,Lyria 19,Lyria 09,The Pit,Pit,59.094,68.115,204.997,,,,,TRUE,0.000,0.000,,,,,,,,,,,,
Lyria 18,Lyria 20,Lyria 23,Wheeler's,Wheelers,-53.370,-209.900,-57.123,,,,,TRUE,0.000,0.000,,,,,,,,,,,,
Lyria,Lyria 22,,Settlements,,,,,,,,,,,,,,,,,,,,,,,
Lyria 20,Lyria 23,Lyria 03,Lyria Settlement,Settlement 3a,-180.658,104.243,81.105,,,,,FALSE,0.000,0.000,,,,,,,,,,,,
Lyria,Lyria 25,,Wrecks,,,,,,,,,,,,,,,,,,,,,,,
Lyria 21,Lyria 26,Lyria 20,Caterpillar Wreck 16K,Caterpillar 16K,17.440,-206.022,-86.259,,,,,FALSE,0.000,0.000,,,,,,,,,,,,
Lyria 22,Lyria 27,Lyria 16,Caterpillar Wreck 26T,Caterpillar 26T,143.507,-71.508,156.466,,,,,FALSE,0.000,0.000,,,,,,,,,,,,
Lyria 23,Lyria 28,Lyria 12,Caterpillar Wreck 36V,Caterpillar 36V,90.196,60.433,196.272,,,,,FALSE,0.000,0.000,,,,,,,,,,,,
Lyria 24,Lyria 29,Lyria 17,Freelancer Wreck,Freelancer,169.675,-95.460,-110.856,,,,,FALSE,0.000,0.000,,,,,,,,,,,,
Lyria 25,Lyria 30,Lyria 25,Starfarer Wreck,Starfarer,-116.661,-189.259,26.665,,,,,FALSE,0.000,0.000,,,,,,,,,,,,
Lyria,Lyria 32,,Comm Array,,,,,,,,,,,,,,,,,,,,,,,
Lyria 19,Lyria 33,Lyria 02,Comm Array ST3-18,ST3-18,-382.727,33.034,24.000,,,,,TRUE,0.000,0.000,,,,,,,,,,,,
,,,,,,,,,,,,,,,,,,,,,,,,,,
Magda R01,Magda 63,,OM-1,OM1,0.000,0.000,494.840,,,,,TRUE,0.000,0.000,,,,,,,,,,,,
Magda R02,Magda 64,,OM-2,OM2,0.000,0.000,-494.840,,,,,TRUE,0.000,0.000,,,,,,,,,,,,
Magda R03,Magda 65,Magda 18,OM-3,OM3,0.000,494.840,0.000,,,,,TRUE,0.000,0.000,,,,,,,,,,,,
Magda R04,Magda 66,Magda 44,OM-4,OM4,0.000,-494.840,0.000,,,,,TRUE,0.000,0.000,,,,,,,,,,,,
Magda R05,Magda 67,Magda 31,OM-5,OM5,494.840,0.000,0.000,,,,,TRUE,0.000,0.000,,,,,,,,,,,,
Magda R06,Magda 68,Magda 55,OM-6,OM6,-494.840,0.000,0.000,,,,,TRUE,0.000,0.000,,,,,,,,,,,,
Magda,Magda 00,,Trading Terminals,,,,,,,,,,,,,,,,,,,,,,,
Magda 01,Magda 01,Magda 46,HDMS Hahn (PB),Hahn,-147.384,-292.217,95.247,,,,,TRUE,0.000,0.000,,,,,,,,,,,,
Magda 02,Magda 02,Magda 13,HDMS Perlman (PB),Perlman,-140.696,287.922,-116.688,,,,,TRUE,0.000,0.000,,,,,,,,,,,,
Magda,Magda 04,,Settlements,,,,,,,,,,,,,,,,,,,,,,,
Magda 04,Magda 05,Magda 20,Magda Settlement,Settlement 1c,22.373,337.901,39.721,,,,,FALSE,0.000,0.000,,,,,,,,,,,,
Magda,Magda 07,,Caves,,,,,,,,,,,,,,,,,,,,,,,
Magda 30,Magda 33,Magda 19,Sand Cave 45P,SCave 45P,17.111,329.933,85.087,,,,,FALSE,0.000,0.000,,,,,,,,,,,,
Magda 29,Magda 32,Magda 21,Sand Cave 44Q,SCave 44Q,49.897,318.192,112.571,,,,,FALSE,0.000,0.000,,,,,,,,,,,,
Magda 32,Magda 35,Magda 16,Sand Cave 48L,SCave 48L,-76.798,325.111,-69.485,,,,,FALSE,0.000,0.000,,,,,,,,,,,,
Magda 05,Magda 08,Magda 52,Sand Cave 01L,SCave 01L,-332.978,-25.900,-69.578,,,,,FALSE,0.000,0.000,,,,,,,,,,,,
Magda 08,Magda 11,Magda 50,Sand Cave 02L,SCave 02L,-326.944,-67.913,-69.760,,,,,FALSE,0.000,0.000,,,,,,,,,,,,
Magda 06,Magda 09,Magda 54,Sand Cave 01P,SCave 01P,-331.472,-14.157,78.565,,,,,FALSE,0.000,0.000,,,,,,,,,,,,
Magda 10,Magda 13,Magda 48,Sand Cave 05P,SCave 05P,-296.202,-155.787,65.941,,,,,FALSE,0.000,0.000,,,,,,,,,,,,
Magda 31,Magda 34,Magda 17,Sand Cave 47K,SCave 47K,-58.112,320.887,-100.489,,,,,FALSE,0.000,0.000,,,,,,,,,,,,
Magda 39,Magda 42,Magda 10,Sand Cave 51N,SCave 51N,-181.754,288.129,19.752,,,,,FALSE,0.000,0.000,,,,,,,,,,,,
Magda 26,Magda 29,Magda 25,Sand Cave 33K,SCave 33K,307.013,95.122,-114.640,,,,,FALSE,0.000,0.000,,,,,,,,,,,,
Magda 38,Magda 41,Magda 08,Sand Cave 51M,SCave 51M,-183.185,287.392,-14.327,,,,,FALSE,0.000,0.000,,,,,,,,,,,,
Magda 24,Magda 27,Magda 28,Sand Cave 32J,SCave 32J,288.455,58.778,-172.564,,,,,FALSE,0.000,0.000,,,,,,,,,,,,
Magda 36,Magda 39,Magda 11,Sand Cave 50M-594,SCave 50M594,-154.199,303.522,-20.965,,,,,FALSE,0.000,0.000,,,,,,,,,,,,
Magda 35,Magda 38,Magda 12,Sand Cave 50M-593,SCave 50M593,-151.380,303.962,-32.389,,,,,FALSE,0.000,0.000,,,,,,,,,,,,
Magda 34,Magda 37,Magda 14,Sand Cave 49M,SCave 49M,-119.434,318.555,-25.756,,,,,FALSE,0.000,0.000,,,,,,,,,,,,
Magda 20,Magda 23,Magda 32,Sand Cave 30K,SCave 30K,322.948,-18.057,-108.161,,,,,FALSE,0.000,0.000,,,,,,,,,,,,
Magda 40,Magda 43,Magda 07,Sand Cave 51W,SCave 51W,-80.674,119.928,308.663,,,,,FALSE,0.000,0.000,,,,,,,,,,,,
Magda 33,Magda 36,Magda 15,Sand Cave 48M,SCave 48M,-93.820,328.007,-0.198,,,,,FALSE,0.000,0.000,,,,,,,,,,,,
Magda 43,Magda 46,Magda 04,Sand Cave 55P,SCave 55P,-282.318,182.342,58.709,,,,,FALSE,0.000,0.000,,,,,,,,,,,,
Magda 45,Magda 48,Magda 02,Sand Cave 58F,SCave 58F,-217.096,61.975,-255.275,,,,,FALSE,0.000,0.000,,,,,,,,,,,,
Magda 18,Magda 21,Magda 36,Sand Cave 23N,SCave 23N,249.137,-233.072,3.281,,,,,FALSE,0.000,0.000,,,,,,,,,,,,
Magda 37,Magda 40,Magda 09,Sand Cave 51K,SCave 51K,-168.091,264.731,-134.605,,,,,FALSE,0.000,0.000,,,,,,,,,,,,
Magda 41,Magda 44,Magda 06,Sand Cave 52K,SCave 52K,-201.621,240.276,-134.279,,,,,FALSE,0.000,0.000,,,,,,,,,,,,
Magda 42,Magda 45,Magda 05,Sand Cave 53J,SCave 53J,-197.546,218.686,-171.510,,,,,FALSE,0.000,0.000,,,,,,,,,,,,
Magda 09,Magda 12,Magda 51,Sand Cave 02S,SCave 02S,-265.632,-54.265,206.474,,,,,FALSE,0.000,0.000,,,,,,,,,,,,
Magda 25,Magda 28,Magda 27,Sand Cave 33J,SCave 33J,299.160,83.073,-141.602,,,,,FALSE,0.000,0.000,,,,,,,,,,,,
Magda 22,Magda 25,Magda 29,Sand Cave 31J,SCave 31J,301.543,6.441,-159.625,,,,,FALSE,0.000,0.000,,,,,,,,,,,,
Magda 23,Magda 26,Magda 30,Sand Cave 31L,SCave 31L,329.558,4.407,-87.876,,,,,FALSE,0.000,0.000,,,,,,,,,,,,
Magda 21,Magda 24,Magda 34,Sand Cave 30L,SCave 30L,333.697,-31.848,-63.084,,,,,FALSE,0.000,0.000,,,,,,,,,,,,
Magda 14,Magda 17,Magda 39,Sand Cave 18K,SCave 18K,89.009,-305.310,-123.379,,,,,FALSE,0.000,0.000,,,,,,,,,,,,
Magda 15,Magda 18,Magda 40,Sand Cave 18L,SCave 18L,88.603,-316.727,-90.312,,,,,FALSE,0.000,0.000,,,,,,,,,,,,
Magda 19,Magda 22,Magda 35,Sand Cave 26R,SCave 26R,256.943,-137.422,177.508,,,,,FALSE,0.000,0.000,,,,,,,,,,,,
Magda 11,Magda 14,Magda 42,Sand Cave 16K,SCave 16K,15.794,-324.733,-103.003,,,,,FALSE,0.000,0.000,,,,,,,,,,,,
Magda 12,Magda 15,Magda 43,Sand Cave 16M,SCave 16M,4.628,-341.065,-2.504,,,,,FALSE,0.000,0.000,,,,,,,,,,,,
Magda 13,Magda 16,Magda 41,Sand Cave 17Q,SCave 17Q,61.396,-308.036,132.851,,,,,FALSE,0.000,0.000,,,,,,,,,,,,
Magda 27,Magda 30,Magda 24,Sand Cave 36R,SCave 36R,250.098,176.884,150.370,,,,,FALSE,0.000,0.000,,,,,,,,,,,,
Magda 28,Magda 31,Magda 22,Sand Cave 43P,SCave 43P,90.864,318.982,79.914,,,,,FALSE,0.000,0.000,,,,,,,,,,,,
Magda 44,Magda 47,Magda 03,Sand Cave 57P,SCave 57P,-312.570,125.521,54.650,,,,,FALSE,0.000,0.000,,,,,,,,,,,,
Magda 16,Magda 19,Magda 38,Sand Cave 21R,SCave 21R,160.170,-254.643,160.224,,,,,FALSE,0.000,0.000,,,,,,,,,,,,
Magda 17,Magda 20,Magda 37,Sand Cave 23E,SCave 23E,130.792,-136.815,-283.683,,,,,FALSE,0.000,0.000,,,,,,,,,,,,
Magda 07,Magda 10,Magda 53,Sand Cave 01V,SCave 01V,-169.422,-9.729,295.755,,,,,FALSE,0.000,0.000,,,,,,,,,,,,
Magda,Magda 50,,Wrecks,,,,,,,,,,,,,,,,,,,,,,,
Magda 48,Magda 53,Magda 26,Caterpillar Wreck 33P,Caterpillar 33P,320.169,98.727,64.420,,,,,FALSE,0.000,0.000,,,,,,,,,,,,
Magda 46,Magda 51,Magda 47,Caterpillar Wreck 10Q,Caterpillar 10Q,-171.923,-278.139,96.953,,,,,FALSE,0.000,0.000,,,,,,,,,,,,
Magda 47,Magda 52,Magda 45,Caterpillar Wreck 13R,Caterpillar 13R,-84.944,-284.415,168.126,,,,,FALSE,0.000,0.000,,,,,,,,,,,,
Magda 49,Magda 54,Magda 33,Constellation Wreck,Constellation,195.502,-14.652,-278.963,,,,,FALSE,0.000,0.000,,,,,,,,,,,,
Magda 50,Magda 55,Magda 49,Cutlass Wreck,Cutlass,-300.821,-72.784,143.452,,,,,FALSE,0.000,0.000,,,,,,,,,,,,
Magda,Magda 57,,Comm Array,,,,,,,,,,,,,,,,,,,,,,,
Magda 03,Magda 58,Magda 23,Comm Array ST1-48,ST1-48,295.516,413.046,24.000,,,,,TRUE,0.000,0.000,,,,,,,,,,,,
Magda 51,Magda 60,Magda 01,Sketto Rock,Sketto,-335.013,45.699,50.233,,,,,FALSE,0.000,0.000,,,,,,,,,,,,
Magda 52,Magda 61,Magda,Murphy's Promontory,Murphy,72.962,-232.035,239.173,,,,,FALSE,0.000,0.000,,,,,,,,,,,,
,,,,,,,,,,,,,,,,,,,,,,,,,,
microTech R01,microTech 119,,OM-1,OM1,0.000,0.000,1439.593,,,,,TRUE,0.000,0.000,,,,,,,,,,,,
microTech R02,microTech 120,,OM-2,OM2,0.000,0.000,-1439.593,,,,,TRUE,0.000,0.000,,,,,,,,,,,,
microTech R03,microTech 121,microTech 39,OM-3,OM3,0.000,1439.593,0.000,,,,,TRUE,0.000,0.000,,,,,,,,,,,,
microTech R04,microTech 122,microTech 87,OM-4,OM4,0.000,-1439.593,0.000,,,,,TRUE,0.000,0.000,,,,,,,,,,,,
microTech R05,microTech 123,microTech 69,OM-5,OM5,1439.593,0.000,0.000,,,,,TRUE,0.000,0.000,,,,,,,,,,,,
microTech R06,microTech 124,microTech 101,OM-6,OM6,-1439.593,0.000,0.000,,,,,TRUE,0.000,0.000,,,,,,,,,,,,
microTech,microTech 00,,Landing Zone,,,,,,,,,,,,,,,,,,,,,,,
microTech 01,microTech 01,microTech 52,New Babbage,Babbage,520.723,419.364,743.655,,,,,TRUE,0.000,0.000,,,,,,,,,,,,
microTech 24,microTech 02,microTech 49,New Babbage Interstellar Spaceport,Spaceport,520.320,435.102,736.226,,,,,FALSE,0.000,0.000,,,,,,,,,,,,
microTech 02,microTech 03,microTech 45,Port Tressler,Tressler,561.471,545.853,808.832,,,,,TRUE,0.000,0.000,,,,,,,,,,,,
microTech,microTech 05,,Trading Terminals,,,,,,,,,,,,,,,,,,,,,,,
microTech 03,microTech 06,microTech 96,Rayari Deltana Research Outpost (PB),Rayari Deltana,-693.910,-648.299,316.681,,,,,TRUE,0.000,0.000,,,,,,,,,,,,
microTech 04,microTech 07,microTech 84,Shubin Mining Facility SM0-10 (PB),Shubin 10,85.476,-950.856,298.799,,,,,TRUE,0.000,0.000,,,,,,,,,,,,
microTech 05,microTech 08,microTech 89,Shubin Mining Facility SM0-13 (PB),Shubin 13,-172.819,-981.308,97.767,,,,,TRUE,0.000,0.000,,,,,,,,,,,,
microTech 06,microTech 09,microTech 77,Shubin Mining Facility SM0-18 (PB),Shubin 18,920.210,-389.542,43.837,,,,,TRUE,0.000,0.000,,,,,,,,,,,,
microTech 07,microTech 10,microTech 85,Shubin Mining Facility SM0-22 (PB),Shubin 22,24.299,-822.591,568.174,,,,,TRUE,0.000,0.000,,,,,,,,,,,,
microTech 08,microTech 11,microTech 72,Raven's Roost,Raven's Roost,355.904,-75.594,932.645,,,,,TRUE,0.000,0.000,,,,,,,,,,,,
microTech 09,microTech 12,microTech 83,Necropolis (Stash House),Necropolis,63.643,-162.085,985.651,,,,,TRUE,0.000,0.000,,,,,,,,,,,,
microTech 10,microTech 13,microTech 67,Outpost 54 (Stash House),Outpost 54,113.566,14.479,-994.363,,,,,TRUE,0.000,0.000,,,,,,,,,,,,
microTech,microTech 15,microTech,Distribution Centers,,,,,,,,,,,,,,,,,,,,,,,
microTech 35,microTech 16,microTech 33,Covalex Distribution Centre S4DC05,S4DC05,-332.505,897.834,-290.234,,,,,TRUE,0.000,0.000,,,,,,,,,,,,
microTech 36,microTech 17,microTech 70,Cry-Astro Processing Plant 19-02,CryAstro 19-02,584.139,-0.789,812.169,,,,,TRUE,0.000,0.000,,,,,,,,,,,,
microTech 37,microTech 18,microTech 91,Cry-Astro Processing Plant 34-12,CryAstro 34-12,-316.285,-882.040,-350.639,,,,,TRUE,0.000,0.000,,,,,,,,,,,,
microTech 38,microTech 19,microTech 98,Greycat Stanton IV Production Complex-A,Greycat IV PCA,-423.347,-141.169,-895.145,,,,,TRUE,0.000,0.000,,,,,,,,,,,,
microTech 39,microTech 20,microTech 59,microTech Logistics Depot S4LD01,S4LD01,884.615,467.868,-19.153,,,,,TRUE,0.000,0.000,,,,,,,,,,,,
microTech 40,microTech 21,microTech 73,microTech Logistics Depot S4LD13,S4LD13,843.838,-179.535,505.834,,,,,TRUE,0.000,0.000,,,,,,,,,,,,
microTech 41,microTech 22,microTech 90,Sakura Sun Goldenrod Workcenter,Goldenrod,-173.422,-923.630,-343.265,,,,,TRUE,0.000,0.000,,,,,,,,,,,,
microTech,microTech 24,,Underground Bunker Facilities,,,,,,,,,,,,,,,,,,,,,,,
microTech 11,microTech 25,microTech 65,MT DataCenter 2UB-RB9-5,DC 2UB,907.002,139.908,-397.662,,,,,TRUE,0.000,0.000,,,,,,,,,,,,
microTech 12,microTech 26,microTech 38,MT DataCenter 4HJ-LVE-A,DC 4HJ,-100.841,962.407,-255.721,,,,,TRUE,0.000,0.000,,,,,,,,,,,,
microTech 13,microTech 27,microTech 68,MT DataCenter 5WQ-R2V-C,DC 5WQ,959.880,40.295,-279.073,,,,,TRUE,0.000,0.000,,,,,,,,,,,,
microTech 14,microTech 28,microTech 66,MT DataCenter 8FK-Q2X-K,DC 8FK,22.397,2.905,-1000.725,,,,,TRUE,0.000,0.000,,,,,,,,,,,,
microTech 15,microTech 29,microTech 42,MT DataCenter D79-ECG-R,DC D79,200.928,308.740,-929.820,,,,,TRUE,0.000,0.000,,,,,,,,,,,,
microTech 16,microTech 30,microTech 64,MT DataCenter E2Q-NSG-Y,DC E2Q,916.832,187.159,-354.144,,,,,TRUE,0.000,0.000,,,,,,,,,,,,
microTech 17,microTech 31,microTech 29,MT DataCenter KH3-AAE-L,DC KH3,-468.928,801.473,-375.316,,,,,TRUE,,,,,,,,,,,,,,
microTech 18,microTech 32,microTech 32,MT DataCenter L8P-JUC-8,DC L8P,-86.563,218.560,-972.070,,,,,TRUE,,,,,,,,,,,,,,
microTech 19,microTech 33,microTech 34,MT DataCenter QVX-J88-J,DC QVX,-247.945,892.699,-379.678,,,,,TRUE,0.000,0.000,,,,,,,,,,,,
microTech 20,microTech 34,microTech 01,MT DataCenter TMG-XEV-2,DC TMG,-160.992,62.442,985.998,,,,,TRUE,0.000,0.000,,,,,,,,,,,,
microTech 21,microTech 35,microTech 46,MT OpCenter LTI-4,OpCtr LTI-4,68.364,64.276,-996.490,,,,,TRUE,,,,,,,,,,,,,,
microTech,microTech 37,,Emergency Shelters,,,,,,,,,,,,,,,,,,,,,,,
microTech 22,microTech 38,microTech 76,Calhoun Pass Emergency Shelter,Calhoun Pass,938.116,-347.818,31.708,,,,,TRUE,0.000,0.000,,,,,,,,,,,,
microTech 23,microTech 39,microTech 92,Clear View Emergency Shelter,Clear View,-609.561,-688.363,393.203,,,,,TRUE,0.000,0.000,,,,,,,,,,,,
microTech 24,microTech 40,microTech 75,Nuiqsut Emergency Shelter,Nuiqsut,750.613,-207.852,-627.225,,,,,TRUE,0.000,0.000,,,,,,,,,,,,
microTech 25,microTech 41,microTech 97,Point Wain Emergency Shelter,Point Wain,-627.441,-485.258,611.733,,,,,TRUE,0.000,0.000,,,,,,,,,,,,
microTech,microTech 43,,Settlements,,,,,,,,,,,,,,,,,,,,,,,
microTech 28,microTech 44,microTech 03,Astor's Clearing (Ewok Village),Astors,-810.219,577.884,-101.430,,,,,TRUE,0.000,0.000,,,,,,,,,,,,
microTech 29,microTech 45,microTech 80,Bloodshot Ridge,Bloodshot,733.940,-674.648,101.876,,,,,FALSE,0.000,0.000,,,,,,,,,,,,
microTech 30,microTech 46,microTech 11,Dunboro (Megaton),Dunboro,-735.672,678.040,9.310,,,,,TRUE,0.000,0.000,,,,,,,,,,,,
microTech 31,microTech 47,microTech 43,Frostbite (Windy Cove),Frostbite,539.620,762.339,-361.448,,,,,FALSE,0.000,0.000,,,,,,,,,,,,
microTech 26,microTech 48,microTech 37,Ghost Hollow (Reclaimer Wreck),Ghost Hollow,-127.194,982.004,149.145,,,,,TRUE,0.000,0.000,,,,,,,,,,,,
microTech 32,microTech 49,microTech 19,Harper's Point,Harpers,-687.373,716.613,128.227,,,,,TRUE,0.000,0.000,,,,,,,,,,,,
microTech 33,microTech 50,microTech 22,Moreland Hills,Moreland,-665.088,726.918,178.064,,,,,FALSE,0.000,0.000,,,,,,,,,,,,
microTech 34,microTech 51,microTech 21,Razor's Edge,Razors,-666.067,726.221,179.518,,,,,FALSE,0.000,0.000,,,,,,,,,,,,
microTech 42,microTech 52,microTech 88,Settlement 14N,Settlement 14N,-154.512,-984.296,93.975,,,,,FALSE,0.000,0.000,,,,,,,,,,,,
microTech 43,microTech 53,microTech 86,Settlement 16N,Settlement 16N,20.614,-1000.710,8.922,,,,,FALSE,0.000,0.000,,,,,,,,,,,,
microTech 44,microTech 54,microTech 81,Settlement 23N,Settlement 23N,669.479,-731.272,138.155,,,,,FALSE,0.000,0.000,,,,,,,,,,,,
microTech 45,microTech 55,microTech 62,Settlement 34V,Settlement 34V,420.962,172.436,890.823,,,,,FALSE,0.000,0.000,,,,,,,,,,,,
microTech 46,microTech 56,microTech 61,Settlement 35R,Settlement 35R,808.970,416.799,415.699,,,,,FALSE,0.000,0.000,,,,,,,,,,,,
microTech 47,microTech 57,microTech 56,Settlement 36T,Settlement 36T,559.167,386.754,733.407,,,,,FALSE,0.000,0.000,,,,,,,,,,,,
microTech 48,microTech 58,microTech 55,Settlement 36U,Settlement 36U,517.841,361.649,777.068,,,,,FALSE,0.000,0.000,,,,,,,,,,,,
microTech 49,microTech 59,microTech 57,Settlement 36X,Settlement 36X,242.686,159.040,957.159,,,,,FALSE,0.000,0.000,,,,,,,,,,,,
microTech 50,microTech 60,microTech 48,Settlement 38U,Settlement 38U,488.987,440.907,753.944,,,,,FALSE,0.000,0.000,,,,,,,,,,,,
microTech 51,microTech 61,microTech 30,Settlement 50K,Settlement 50K,-458.493,807.381,-371.930,,,,,FALSE,0.000,0.000,,,,,,,,,,,,
microTech,microTech 63,,Caves,,,,,,,,,,,,,,,,,,,,,,,
microTech 53,microTech 65,microTech 78,Rock Cave 27N,RCave 27N,914.967,-405.203,40.825,,,,,FALSE,0.000,0.000,,,,,,,,,,,,
microTech 54,microTech 66,microTech 71,Rock Cave 30Q,RCave 30Q,940.940,-23.790,343.679,,,,,FALSE,0.000,0.000,,,,,,,,,,,,
microTech 55,microTech 67,microTech 58,Rock Cave 35S,RCave 35S,679.115,379.185,630.074,,,,,FALSE,0.000,0.000,,,,,,,,,,,,
microTech 56,microTech 68,microTech 47,Rock Cave 38U,RCave 38U,495.285,446.713,749.188,,,,,FALSE,0.000,0.000,,,,,,,,,,,,
microTech 52,microTech 64,microTech 82,Rock Cave 22W,RCave 22W,209.189,-260.050,944.768,,,,,FALSE,0.000,0.000,,,,,,,,,,,,
microTech 57,microTech 69,microTech 31,Rock Cave 50M,RCave 50M,-428.145,903.758,-31.124,,,,,FALSE,0.000,0.000,,,,,,,,,,,,
microTech,microTech 71,,Wrecks,,,,,,,,,,,,,,,,,,,,,,,
microTech 58,microTech 72,microTech 63,Caterpillar Wreck 34V,Caterpillar 34V,422.031,170.819,890.497,,,,,FALSE,0.000,0.000,,,,,,,,,,,,
microTech 59,microTech 73,microTech 35,Caterpillar Wreck 47M,Caterpillar 47M,-174.985,978.259,-116.907,,,,,FALSE,0.000,0.000,,,,,,,,,,,,
microTech 60,microTech 74,microTech 25,Caterpillar Wreck 52W,Caterpillar 52W,-267.953,310.782,912.086,,,,,FALSE,0.000,0.000,,,,,,,,,,,,
microTech 61,microTech 75,microTech 14,Caterpillar Wreck 53W,Caterpillar 53W,-223.634,218.519,949.902,,,,,FALSE,0.000,0.000,,,,,,,,,,,,
microTech 62,microTech 76,microTech 93,Constellation Wreck 08N,Constellation 08N,-676.718,-728.925,112.130,,,,,FALSE,0.000,0.000,,,,,,,,,,,,
microTech 63,microTech 77,microTech 79,Constellation Wreck 26L,Constellation 26L,875.201,-465.380,-142.682,,,,,FALSE,0.000,0.000,,,,,,,,,,,,
microTech 64,microTech 78,microTech 41,Constellation Wreck 42M,Constellation 42M,376.776,920.916,-105.956,,,,,FALSE,0.000,0.000,,,,,,,,,,,,
microTech 65,microTech 79,microTech 36,Constellation Wreck 47L,Constellation 47L,-167.210,960.391,-228.480,,,,,FALSE,0.000,0.000,,,,,,,,,,,,
microTech 66,microTech 80,microTech 100,Freelancer Wreck 03N,Freelancer 03N,-973.704,-225.635,40.800,,,,,FALSE,0.000,0.000,,,,,,,,,,,,
microTech 67,microTech 81,microTech 99,Freelancer Wreck 04L,Freelancer 04L,-933.300,-309.024,-189.532,,,,,FALSE,0.000,0.000,,,,,,,,,,,,
microTech 68,microTech 82,microTech 95,Freelancer Wreck 08N-A24,Freelancer 08NA24,-686.688,-719.067,111.168,,,,,FALSE,0.000,0.000,,,,,,,,,,,,
microTech 69,microTech 83,microTech 94,Freelancer Wreck 08N-D43,Freelancer 08ND43,-683.477,-719.405,134.431,,,,,FALSE,0.000,0.000,,,,,,,,,,,,
microTech 70,microTech 84,microTech 28,Starfarer Wreck 52M,Starfarer 52M,-588.090,805.331,-78.362,,,,,FALSE,0.000,0.000,,,,,,,,,,,,
microTech 71,microTech 85,microTech 27,Starfarer Wreck 52P,Starfarer 52P,-637.938,747.782,185.558,,,,,FALSE,0.000,0.000,,,,,,,,,,,,
microTech 72,microTech 86,microTech 12,Starfarer Wreck 53W,Starfarer 53W,-226.008,212.797,950.747,,,,,FALSE,0.000,0.000,,,,,,,,,,,,
microTech 73,microTech 87,microTech 40,Starfarer Wreck ZBG,Starfarer ZBG,9.472,103.800,995.341,,,,,FALSE,0.000,0.000,,,,,,,,,,,,
microTech,microTech 89,,Comm Array,,,,,,,,,,,,,,,,,,,,,,,
microTech 27,microTech 90,microTech 44,Comm Array ST4-22,ST4-22,1395.187,1967.745,24.000,,,,,TRUE,0.000,0.000,,,,,,,,,,,,
microTech,microTech 92,,Rivers,,,,,,,,,,,,,,,,,,,,,,,
microTech 74,microTech 93,microTech 60,River 35R,River 35R,806.130,424.642,414.608,,,,,FALSE,,,,,,,,,,,,,,
microTech 75,microTech 94,microTech 26,River 52M,River 52M,-653.170,758.014,-1.196,,,,,FALSE,,,,,,,,,,,,,,
microTech 90,microTech 109,microTech 04,River 54N-647,River 54N647,-803.655,596.954,6.098,,,,,FALSE,,,,,,,,,,,,,,
microTech 86,microTech 105,microTech 05,River 54M,River 54M,-801.088,601.463,-5.718,,,,,FALSE,,,,,,,,,,,,,,
microTech 82,microTech 101,microTech 09,River 53N-636,River 53N636,-740.634,673.335,8.850,,,,,FALSE,,,,,,,,,,,,,,
microTech 81,microTech 100,microTech 10,River 53N-635,River 53N635,-737.616,676.620,0.805,,,,,FALSE,,,,,,,,,,,,,,
microTech 79,microTech 98,microTech 16,River 53N-630,River 53N630,-707.006,708.484,3.993,,,,,FALSE,,,,,,,,,,,,,,
microTech 80,microTech 99,microTech 13,River 53N-633,River 53N633,-724.490,690.564,11.373,,,,,FALSE,,,,,,,,,,,,,,
microTech 83,microTech 102,microTech 23,River 53P-625,River 53P625,-661.282,725.224,196.112,,,,,FALSE,,,,,,,,,,,,,,
microTech 77,microTech 96,microTech 20,River 53N-627,River 53N627,-682.273,731.642,6.842,,,,,FALSE,,,,,,,,,,,,,,
microTech 88,microTech 107,microTech 07,River 54N-639,River 54N639,-758.591,653.094,16.505,,,,,FALSE,,,,,,,,,,,,,,
microTech 78,microTech 97,microTech 18,River 53N-628,River 53N628,-690.116,715.071,126.723,,,,,FALSE,,,,,,,,,,,,,,
microTech 91,microTech 110,microTech 02,River 55N,River 55N,-820.732,568.350,72.129,,,,,FALSE,,,,,,,,,,,,,,
microTech 85,microTech 104,microTech 15,River 53P-631,River 53P631,-693.649,687.635,219.202,,,,,FALSE,,,,,,,,,,,,,,
microTech 87,microTech 106,microTech 08,River 54N-638,River 54N638,-754.618,657.493,15.876,,,,,FALSE,,,,,,,,,,,,,,
microTech 76,microTech 95,microTech 24,River 53N-625,River 53N625,-671.959,741.266,19.689,,,,,FALSE,,,,,,,,,,,,,,
microTech 84,microTech 103,microTech 17,River 53P-630,River 53P630,-694.520,703.155,166.095,,,,,FALSE,,,,,,,,,,,,,,
microTech 89,microTech 108,microTech 06,River 54N-642,River 54N642,-776.957,631.826,12.122,,,,,FALSE,,,,,,,,,,,,,,
microTech,microTech 112,,Other Locations,,,,,,,,,,,,,,,,,,,,,,,
microTech 92,microTech 113,microTech 74,Test Facility Octagon,Octagon,635.765,-155.464,758.837,,,,,FALSE,0.000,0.000,,,,,,,,,,,,
microTech 93,microTech 114,microTech 53,Chestnuts on an open fire,Campfire,520.693,419.260,743.714,,,,,FALSE,0.000,0.000,,,,,,,,,,,,
microTech 94,microTech 115,microTech 51,Lakeside Chairs,Lake Chair,524.873,425.683,737.102,,,,,FALSE,0.000,0.000,,,,,,,,,,,,
microTech 95,microTech 116,microTech 50,Mountainside Chairs,Mtn Chair,506.682,421.171,754.683,,,,,FALSE,0.000,0.000,,,,,,,,,,,,
microTech 96,microTech 117,microTech 54,Tears of Fire Painting,Tears of Fire,518.388,416.271,747.876,,,,,FALSE,0.000,0.000,,,,,,,,,,,,
,,,,,,,,,,,,,,,,,,,,,,,,,,
Wala R01,Wala 50,,OM-1,OM1,0.000,0.000,413.056,,,,,TRUE,0.000,0.000,,,,,,,,,,,,
Wala R02,Wala 51,,OM-2,OM2,0.000,0.000,-413.056,,,,,TRUE,0.000,0.000,,,,,,,,,,,,
Wala R03,Wala 52,Wala 12,OM-3,OM3,0.000,413.056,0.000,,,,,TRUE,0.000,0.000,,,,,,,,,,,,
Wala R04,Wala 53,Wala 32,OM-4,OM4,0.000,-413.056,0.000,,,,,TRUE,0.000,0.000,,,,,,,,,,,,
Wala R05,Wala 54,Wala 24,OM-5,OM5,413.056,0.000,0.000,,,,,TRUE,0.000,0.000,,,,,,,,,,,,
Wala R06,Wala 55,Wala 42,OM-6,OM6,-413.056,0.000,0.000,,,,,TRUE,0.000,0.000,,,,,,,,,,,,
Wala,Wala 00,,Trading Terminals,,,,,,,,,,,,,,,,,,,,,,,
Wala 01,Wala 01,Wala 02,ArcCorp Mining Area 045 (PB),ArcCorp 045,-282.798,14.108,10.620,,,,,TRUE,0.000,0.000,,,,,,,,,,,,
Wala 02,Wala 02,Wala 06,ArcCorp Mining Area 048 (PB),ArcCorp 048,-178.193,97.756,-196.340,,,,,TRUE,0.000,0.000,,,,,,,,,,,,
Wala 03,Wala 03,Wala 27,ArcCorp Mining Area 056 (PB),ArcCorp 056,116.546,-50.147,253.155,,,,,TRUE,0.000,0.000,,,,,,,,,,,,
Wala 04,Wala 04,Wala 33,ArcCorp Mining Area 061 (PB),ArcCorp 061,-21.040,-247.548,-132.570,,,,,TRUE,0.000,0.000,,,,,,,,,,,,
Wala 06,Wala 06,Wala 11,Shady Glen Farms,ShadyGlen,-20.622,268.985,87.534,,,,,TRUE,0.000,0.000,,,,,,,,,,,,
Wala 05,Wala 05,Wala 10,Samson & Son's Salvage Yard,Samson & Son's,-42.600,279.055,19.230,,,,,TRUE,0.000,0.000,,,,,,,,,,,,
Wala,Wala,Wala,Paradise Cove,Paradise,79.975,-217.911,162.335,,,,,FALSE,0.000,0.000,,,,,,,,,,,,
Wala,Wala 09,,Underground Bunker Facilities,,,,,,,,,,,,,,,,,,,,,,,
Wala 08,Wala 10,Wala 04,ArcCorp Processing Center 115,ArcCorp 115,-277.356,50.110,27.880,,,,,TRUE,,,,,,,,,,,,,,
Wala 09,Wala 11,Wala 30,ArcCorp Processing Center 123,ArcCorp 123,130.624,-247.521,43.129,,,,,TRUE,,,,,,,,,,,,,,
Wala 10,Wala 12,Wala 08,Good Times Temple,GoodTimes,-113.300,179.510,187.366,,,,,TRUE,,,,,,,,,,,,,,
Wala 11,Wala 13,Wala 18,Lost and Found,LostFound,62.556,114.330,251.559,,,,,TRUE,,,,,,,,,,,,,,
Wala,Wala 15,,Settlements,,,,,,,,,,,,,,,,,,,,,,,
Wala 13,Wala 16,Wala 03,Wala Settlement,Settlement 3b,-282.216,24.875,5.802,,,,,FALSE,0.000,0.000,,,,,,,,,,,,
Wala,Wala 18,,Caves,,,,,,,,,,,,,,,,,,,,,,,
Wala 30,Wala 35,Wala 14,Sand Cave 42S,SCave 42S,75.378,224.133,155.443,,,,,FALSE,0.000,0.000,,,,,,,,,,,,
Wala 27,Wala 32,Wala 17,Sand Cave 41Q,SCave 41Q,109.526,242.628,99.073,,,,,FALSE,0.000,0.000,,,,,,,,,,,,
Wala 29,Wala 34,Wala 16,Sand Cave 42P,SCave 42P,99.342,259.996,51.610,,,,,FALSE,0.000,0.000,,,,,,,,,,,,
Wala 26,Wala 31,Wala 19,Sand Cave 37L,SCave 37L,208.810,185.676,-47.371,,,,,FALSE,0.000,0.000,,,,,,,,,,,,
Wala 31,Wala 36,Wala 13,Sand Cave 43K,SCave 43K,63.788,251.641,-113.116,,,,,FALSE,0.000,0.000,,,,,,,,,,,,
Wala 32,Wala 37,Wala 09,Sand Cave 48L,SCave 48L,-61.962,273.111,-41.876,,,,,FALSE,0.000,0.000,,,,,,,,,,,,
Wala 33,Wala 38,Wala 07,Sand Cave 54K,SCave 54K,-193.863,171.550,-114.353,,,,,FALSE,0.000,0.000,,,,,,,,,,,,
Wala 15,Wala 20,Wala 39,Sand Cave 02J,SCave 02J,-243.927,-39.222,-138.549,,,,,FALSE,0.000,0.000,,,,,,,,,,,,
Wala 16,Wala 21,Wala 38,Sand Cave 07K,SCave 07K,-197.960,-167.736,-112.535,,,,,FALSE,0.000,0.000,,,,,,,,,,,,
Wala 18,Wala 23,Wala 36,Sand Cave 10H,SCave 10H,-112.335,-187.199,-179.171,,,,,FALSE,0.000,0.000,,,,,,,,,,,,
Wala 17,Wala 22,Wala 37,Sand Cave 09Q,SCave 09Q,-164.399,-209.750,95.807,,,,,FALSE,0.000,0.000,,,,,,,,,,,,
Wala 20,Wala 25,Wala 31,Sand Cave 20S,SCave 20S,96.674,-204.496,170.427,,,,,FALSE,0.000,0.000,,,,,,,,,,,,
Wala 23,Wala 28,Wala 23,Sand Cave 32L,SCave 32L,274.946,31.540,-58.601,,,,,FALSE,0.000,0.000,,,,,,,,,,,,
Wala 25,Wala 30,Wala 20,Sand Cave 34M,SCave 34M,266.764,91.924,-0.785,,,,,FALSE,0.000,0.000,,,,,,,,,,,,
Wala 24,Wala 29,Wala 21,Sand Cave 32N,SCave 32N,277.890,47.862,27.808,,,,,FALSE,0.000,0.000,,,,,,,,,,,,
Wala 21,Wala 26,Wala 26,Sand Cave 27S,SCave 27S,204.271,-83.583,177.352,,,,,FALSE,0.000,0.000,,,,,,,,,,,,
Wala 22,Wala 27,Wala 25,Sand Cave 28K,SCave 28K,260.272,-57.762,-93.994,,,,,FALSE,0.000,0.000,,,,,,,,,,,,
Wala 28,Wala 33,Wala 15,Sand Cave 42F,SCave 42F,62.803,165.539,-220.566,,,,,FALSE,0.000,0.000,,,,,,,,,,,,
Wala 14,Wala 19,Wala 40,Sand Cave 01V,SCave 01V,-153.839,-15.178,236.557,,,,,FALSE,0.000,0.000,,,,,,,,,,,,
Wala 19,Wala 24,Wala 35,Sand Cave 11U,SCave 11U,-68.420,-145.704,233.011,,,,,FALSE,0.000,0.000,,,,,,,,,,,,
Wala,Wala 40,,Wrecks,,,,,,,,,,,,,,,,,,,,,,,
Wala 36,Wala 43,Wala 01,Caterpillar Wreck 60M,Caterpillar 60M,-281.801,10.547,-22.472,,,,,FALSE,0.000,0.000,,,,,,,,,,,,
Wala 34,Wala 41,Wala 22,Caterpillar Wreck 32H,Caterpillar 32H,232.944,30.599,-156.726,,,,,FALSE,0.000,0.000,,,,,,,,,,,,
Wala 35,Wala 42,Wala 05,Caterpillar Wreck 56F,Caterpillar 56F,-164.031,85.551,-213.830,,,,,FALSE,0.000,0.000,,,,,,,,,,,,
Wala 37,Wala 44,Wala 29,Freelancer Wreck,Freelancer,158.741,-212.549,-99.089,,,,,FALSE,0.000,0.000,,,,,,,,,,,,
Wala 38,Wala 45,Wala 34,Starfarer Wreck,Starfarer,-100.249,-244.995,-100.360,,,,,FALSE,0.000,0.000,,,,,,,,,,,,
Wala,Wala 47,,Comm Array,,,,,,,,,,,,,,,,,,,,,,,
Wala 12,Wala 48,Wala 28,Comm Array ST3-35,ST3-35,365.821,-257.408,24.000,,,,,TRUE,0.000,0.000,,,,,,,,,,,,
,,,,,,,,,,,,,,,,,,,,,,,,,,
Yela R01,Yela 45,,OM-1,OM1,0.000,0.000,455.483,,,,,TRUE,0.000,0.000,,,,,,,,,,,,
Yela R02,Yela 46,,OM-2,OM2,0.000,0.000,-455.483,,,,,TRUE,0.000,0.000,,,,,,,,,,,,
Yela R03,Yela 47,Yela 09,OM-3,OM3,0.000,455.483,0.000,,,,,TRUE,0.000,0.000,,,,,,,,,,,,
Yela R04,Yela 48,Yela 23,OM-4,OM4,0.000,-455.483,0.000,,,,,TRUE,0.000,0.000,,,,,,,,,,,,
Yela R05,Yela 49,Yela 16,OM-5,OM5,455.483,0.000,0.000,,,,,TRUE,0.000,0.000,,,,,,,,,,,,
Yela R06,Yela 50,Yela 31,OM-6,OM6,-455.483,0.000,0.000,,,,,TRUE,0.000,0.000,,,,,,,,,,,,
Yela,Yela 00,,Landing Zone,,,,,,,,,,,,,,,,,,,,,,,
Yela 01,Yela 01,Yela 04,Grim HEX,GrimHEX,-568.659,383.565,-2.042,,,,,TRUE,0.000,0.000,,,,,,,,,,,,
Yela,Yela 03,,Trading Terminals,,,,,,,,,,,,,,,,,,,,,,,
Yela 02,Yela 04,Yela 10,ArcCorp Mining Area 157 (PB),ArcCorp 157,6.023,222.356,220.313,,,,,TRUE,0.000,0.000,,,,,,,,,,,,
Yela 03,Yela 05,Yela 21,Benson Mining Outpost,Benson,48.998,-275.606,-140.136,,,,,TRUE,0.000,0.000,,,,,,,,,,,,
Yela 04,Yela 06,Yela 19,Deakins Research Outpost (PB),Deakins,231.587,-210.279,13.278,,,,,TRUE,0.000,0.000,,,,,,,,,,,,
Yela 05,Yela 07,Yela 30,Yela Stash House (NT-999-XX),Stash House,-205.659,-73.988,224.325,,,,,TRUE,0.000,0.000,,,,,,,,,,,,
Yela,Yela 09,Yela,Underground Bunker Facilities,,,,,,,,,,,,,,,,,,,,,,,
Yela 06,Yela 10,Yela 29,Afterlife,Afterlife,-254.263,-153.390,99.058,,,,,TRUE,,,,,,,,,,,,,,
Yela 07,Yela 11,Yela 27,Connor's,Connor's,-139.770,-254.310,118.129,,,,,TRUE,,,,,,,,,,,,,,
Yela 08,Yela 12,Yela 12,NT-999-XXII,NT999XXII,54.565,55.939,-303.344,,,,,TRUE,,,,,,,,,,,,,,
Yela 09,Yela 13,Yela 13,Security Post Opal,Opal,241.073,96.291,-175.019,,,,,TRUE,,,,,,,,,,,,,,
Yela 10,Yela 14,Yela 02,Security Post Wan,Wan,-208.367,53.166,-227.454,,,,,TRUE,,,,,,,,,,,,,,
Yela 11,Yela 15,Yela 24,Utopia,Utopia,-0.173,-1.851,-313.080,,,,,TRUE,,,,,,,,,,,,,,
Yela,Yela 17,,Emergency Shelters,,,,,,,,,,,,,,,,,,,,,,,
Yela 12,Yela 18,Yela 15,Aston Ridge Aid Shelter,Aston,207.944,24.051,-232.785,,,,,TRUE,0.000,0.000,,,,,,,,,,,,
Yela 13,Yela 19,Yela 26,Kosso Basin Aid Shelter,Kosso,-31.289,-118.130,288.314,,,,,TRUE,0.000,0.000,,,,,,,,,,,,
Yela 14,Yela 20,Yela 03,Nakamura Valley Aid Shelter,Nakamura,-275.722,124.074,81.717,,,,,TRUE,0.000,0.000,,,,,,,,,,,,
Yela 15,Yela 21,Yela 08,Talarine Divide Aid Shelter,Tallarine,-21.221,310.790,30.932,,,,,TRUE,0.000,0.000,,,,,,,,,,,,
Yela,Yela 23,,Racetracks,,,,,,,,,,,,,,,,,,,,,,,
Yela 16,Yela 24,Yela 05,Miner's Lament,Lament,-488.748,518.902,4.333,,,,,TRUE,0.000,0.000,,,,,,,,,,,,
Yela,Yela 26,,Other Facilities,,,,,,,,,,,,,,,,,,,,,,,
Yela 18,Yela 27,Yela 06,Abandoned Outpost,Abandoned,-45.303,308.850,28.948,,,,,FALSE,0.000,0.000,,,,,,,,,,,,
Yela 19,Yela 28,Yela 01,BennyHenge,BennyHenge,-626.649,135.683,-1.819,,,,,FALSE,0.000,0.000,,,,,,,,,,,,
Yela,Yela 30,,Settlements,,,,,,,,,,,,,,,,,,,,,,,
Yela 20,Yela 31,Yela 22,Settlement 17R,Settlement 17R,29.652,-273.746,149.998,,,,,FALSE,0.000,0.000,,,,,,,,,,,,
Yela 21,Yela 32,Yela 28,Settlement AZM,Settlement AZM,-1.345,-1.619,-313.097,,,,,FALSE,0.000,0.000,,,,,,,,,,,,
Yela,Yela 34,,Wrecks,,,,,,,,,,,,,,,,,,,,,,,
Yela 23,Yela 36,Yela 07,Caterpillar Wreck 47T,Caterpillar 47T,-29.543,236.610,203.199,,,,,FALSE,0.000,0.000,,,,,,,,,,,,
Yela 22,Yela 35,Yela 14,Caterpillar Wreck 32H,Caterpillar 32H,250.742,43.617,-182.452,,,,,FALSE,0.000,0.000,,,,,,,,,,,,
Yela 24,Yela 37,Yela 17,Constellation Wreck,Constellation,101.554,-10.165,295.936,,,,,FALSE,0.000,0.000,,,,,,,,,,,,
Yela 25,Yela 38,Yela 18,Cutlass Wreck,Cutlass,211.453,-183.571,-141.022,,,,,FALSE,0.000,0.000,,,,,,,,,,,,
Yela 26,Yela 39,Yela 25,Freelancer Wreck,Freelancer,-31.161,-135.605,-280.447,,,,,FALSE,0.000,0.000,,,,,,,,,,,,
Yela 27,Yela 40,Yela 11,Starfarer Wreck,Starfarer,161.234,185.763,193.758,,,,,FALSE,0.000,0.000,,,,,,,,,,,,
Yela,Yela 42,,Comm Array,,,,,,,,,,,,,,,,,,,,,,,
Yela 17,Yela 43,Yela 20,Comm Array ST2-76,ST2-76,150.336,-454.428,24.000,,,,,TRUE,0.000,0.000,,,,,,,,,,,,
,,,,,,,,,,,,,,,,,,,,,,,,,,
Earth,,,OM-1,OM1,,,,,,,,,,,,,,,,,,,,,,
Earth,,,OM-2,OM2,,,,,,,,,,,,,,,,,,,,,,
Earth,,,OM-3,OM3,,,,,,,,,,,,,,,,,,,,,,
Earth,,,OM-4,OM4,,,,,,,,,,,,,,,,,,,,,,
Earth,,,OM-5,OM5,,,,,,,,,,,,,,,,,,,,,,
Earth,,,OM-6,OM6,,,,,,,,,,,,,,,,,,,,,,
Earth,,,Los Angeles,LA,-2518.564,-4647.211,3569.457,,,,,,,,,,,,,,,,,,,
Earth,,,Austin,Austin,-760.589,-5453.762,3218.980,,,,,,,,,,,,,,,,,,,
Earth,,,Frankfurt,Frankfurt,4043.848,615.448,4893.860,,,,,,,,,,,,,,,,,,,
Earth,,,Manchester,Manchester,3792.807,-149.400,5125.701,,,,,,,,,,,,,,,,,,,
Earth,,,Montreal,Montreal,1263.442,-4286.872,4550.526,,,,,,,,,,,,,,,,,,,
Earth,,,Vermont,,1362.764,-4338.226,4472.452,,,,,,,,,,,,,,,,,,,
Earth,,,Citizen Con,,3793.040,-148.798,5125.608,,,,,,,,,,,,,,,,,,,
Earth,,,South Polar Circle,,2533.049,0.000,-5853.531,,,,,,,,,,,,,,,,,,,
Earth,,,North Tropic Circle,,5849.101,0.000,2543.261,,,,,,,,,,,,,,,,,,,
Earth,,,South Tropic Circle,,5849.101,0.000,-2543.261,,,,,,,,,,,,,,,,,,,